DEBUG - 2026-02-05 10:09:16 --> Session: Class initialized using 'CodeIgniter\Session\Handlers\FileHandler' driver.
DEBUG - 2026-02-05 10:12:28 --> Session: Class initialized using 'CodeIgniter\Session\Handlers\FileHandler' driver.
DEBUG - 2026-02-05 10:12:31 --> Session: Class initialized using 'CodeIgniter\Session\Handlers\FileHandler' driver.
DEBUG - 2026-02-05 10:12:32 --> Session: Class initialized using 'CodeIgniter\Session\Handlers\FileHandler' driver.
DEBUG - 2026-02-05 10:17:36 --> Session: Class initialized using 'CodeIgniter\Session\Handlers\FileHandler' driver.
DEBUG - 2026-02-05 10:19:20 --> Session: Class initialized using 'CodeIgniter\Session\Handlers\FileHandler' driver.
DEBUG - 2026-02-05 10:20:27 --> Session: Class initialized using 'CodeIgniter\Session\Handlers\FileHandler' driver.
DEBUG - 2026-02-05 10:20:41 --> Session: Class initialized using 'CodeIgniter\Session\Handlers\FileHandler' driver.
DEBUG - 2026-02-05 10:26:17 --> Session: Class initialized using 'CodeIgniter\Session\Handlers\FileHandler' driver.
DEBUG - 2026-02-05 10:26:23 --> Session: Class initialized using 'CodeIgniter\Session\Handlers\FileHandler' driver.
ERROR - 2026-02-05 10:27:45 --> mysqli_sql_exception: Unknown column 'g.adresse' in 'field list' in C:\xampp\htdocs\www\Site-du-PEC\htdocs\system\Database\MySQLi\Connection.php:327
Stack trace:
#0 C:\xampp\htdocs\www\Site-du-PEC\htdocs\system\Database\MySQLi\Connection.php(327): mysqli->query('SELECT `i`.`pat...', 0)
#1 C:\xampp\htdocs\www\Site-du-PEC\htdocs\system\Database\BaseConnection.php(738): CodeIgniter\Database\MySQLi\Connection->execute('SELECT `i`.`pat...')
#2 C:\xampp\htdocs\www\Site-du-PEC\htdocs\system\Database\BaseConnection.php(652): CodeIgniter\Database\BaseConnection->simpleQuery('SELECT `i`.`pat...')
#3 C:\xampp\htdocs\www\Site-du-PEC\htdocs\system\Database\BaseBuilder.php(1649): CodeIgniter\Database\BaseConnection->query('SELECT `i`.`pat...', Array, false)
#4 C:\xampp\htdocs\www\Site-du-PEC\htdocs\app\Models\Public\Donnees.php(21): CodeIgniter\Database\BaseBuilder->get()
#5 C:\xampp\htdocs\www\Site-du-PEC\htdocs\app\Controllers\Public\Home.php(26): App\Models\Public\Donnees->getGeneral()
#6 C:\xampp\htdocs\www\Site-du-PEC\htdocs\system\CodeIgniter.php(903): App\Controllers\Public\Home->__construct()
#7 C:\xampp\htdocs\www\Site-du-PEC\htdocs\system\CodeIgniter.php(498): CodeIgniter\CodeIgniter->createController()
#8 C:\xampp\htdocs\www\Site-du-PEC\htdocs\system\CodeIgniter.php(354): CodeIgniter\CodeIgniter->handleRequest(NULL, Object(Config\Cache), false)
#9 C:\xampp\htdocs\www\Site-du-PEC\htdocs\system\Boot.php(334): CodeIgniter\CodeIgniter->run()
#10 C:\xampp\htdocs\www\Site-du-PEC\htdocs\system\Boot.php(67): CodeIgniter\Boot::runCodeIgniter(Object(CodeIgniter\CodeIgniter))
#11 C:\xampp\htdocs\www\Site-du-PEC\htdocs\public\index.php(69): CodeIgniter\Boot::bootWeb(Object(Config\Paths))
#12 {main}
CRITICAL - 2026-02-05 10:27:45 --> CodeIgniter\Database\Exceptions\DatabaseException: Unknown column 'g.adresse' in 'field list'
[Method: GET, Route: /]
in SYSTEMPATH\Database\BaseConnection.php on line 692.
 1 SYSTEMPATH\Database\BaseBuilder.php(1649): CodeIgniter\Database\BaseConnection->query('SELECT `i`.`path` as `image`, `ig`.`path` as `image_groupe`, `il`.`path` as `logoffessm`, `g`.`nomClub`, `g`.`mailClub`, `g`.`adresse`, `g`.`description`, `g`.`philosophie`, `g`.`nombreNageurs`, `g`.`projetSportif`, `g`.`lienFacebook`, `g`.`lienInstagram`, `g`.`lienffessm`, `g`.`lienDrive`, ROUND(g.nombreHommes / g.nombreNageurs * 100, 1) as pourcentH, ROUND((g.nombreNageurs - g.nombreHommes) / g.nombreNageurs * 100, 1) as pourcentF
FROM `general` `g`
LEFT JOIN `images` `i` ON `g`.`image_id` = `i`.`id`
LEFT JOIN `images` `ig` ON `g`.`image_groupe_id` = `ig`.`id`
LEFT JOIN `images` `il` ON `g`.`logoffessm_id` = `il`.`id`', [], false)
 2 APPPATH\Models\Public\Donnees.php(21): CodeIgniter\Database\BaseBuilder->get()
 3 APPPATH\Controllers\Public\Home.php(26): App\Models\Public\Donnees->getGeneral()
 4 SYSTEMPATH\CodeIgniter.php(903): App\Controllers\Public\Home->__construct()
 5 SYSTEMPATH\CodeIgniter.php(498): CodeIgniter\CodeIgniter->createController()
 6 SYSTEMPATH\CodeIgniter.php(354): CodeIgniter\CodeIgniter->handleRequest(null, Object(Config\Cache), false)
 7 SYSTEMPATH\Boot.php(334): CodeIgniter\CodeIgniter->run()
 8 SYSTEMPATH\Boot.php(67): CodeIgniter\Boot::runCodeIgniter(Object(CodeIgniter\CodeIgniter))
 9 FCPATH\index.php(69): CodeIgniter\Boot::bootWeb(Object(Config\Paths))
CRITICAL - 2026-02-05 10:27:45 --> [Caused by] CodeIgniter\Database\Exceptions\DatabaseException: Unknown column 'g.adresse' in 'field list'
in SYSTEMPATH\Database\MySQLi\Connection.php on line 332.
 1 SYSTEMPATH\Database\BaseConnection.php(738): CodeIgniter\Database\MySQLi\Connection->execute('SELECT `i`.`path` as `image`, `ig`.`path` as `image_groupe`, `il`.`path` as `logoffessm`, `g`.`nomClub`, `g`.`mailClub`, `g`.`adresse`, `g`.`description`, `g`.`philosophie`, `g`.`nombreNageurs`, `g`.`projetSportif`, `g`.`lienFacebook`, `g`.`lienInstagram`, `g`.`lienffessm`, `g`.`lienDrive`, ROUND(g.nombreHommes / g.nombreNageurs * 100, 1) as pourcentH, ROUND((g.nombreNageurs - g.nombreHommes) / g.nombreNageurs * 100, 1) as pourcentF
FROM `general` `g`
LEFT JOIN `images` `i` ON `g`.`image_id` = `i`.`id`
LEFT JOIN `images` `ig` ON `g`.`image_groupe_id` = `ig`.`id`
LEFT JOIN `images` `il` ON `g`.`logoffessm_id` = `il`.`id`')
 2 SYSTEMPATH\Database\BaseConnection.php(652): CodeIgniter\Database\BaseConnection->simpleQuery('SELECT `i`.`path` as `image`, `ig`.`path` as `image_groupe`, `il`.`path` as `logoffessm`, `g`.`nomClub`, `g`.`mailClub`, `g`.`adresse`, `g`.`description`, `g`.`philosophie`, `g`.`nombreNageurs`, `g`.`projetSportif`, `g`.`lienFacebook`, `g`.`lienInstagram`, `g`.`lienffessm`, `g`.`lienDrive`, ROUND(g.nombreHommes / g.nombreNageurs * 100, 1) as pourcentH, ROUND((g.nombreNageurs - g.nombreHommes) / g.nombreNageurs * 100, 1) as pourcentF
FROM `general` `g`
LEFT JOIN `images` `i` ON `g`.`image_id` = `i`.`id`
LEFT JOIN `images` `ig` ON `g`.`image_groupe_id` = `ig`.`id`
LEFT JOIN `images` `il` ON `g`.`logoffessm_id` = `il`.`id`')
 3 SYSTEMPATH\Database\BaseBuilder.php(1649): CodeIgniter\Database\BaseConnection->query('SELECT `i`.`path` as `image`, `ig`.`path` as `image_groupe`, `il`.`path` as `logoffessm`, `g`.`nomClub`, `g`.`mailClub`, `g`.`adresse`, `g`.`description`, `g`.`philosophie`, `g`.`nombreNageurs`, `g`.`projetSportif`, `g`.`lienFacebook`, `g`.`lienInstagram`, `g`.`lienffessm`, `g`.`lienDrive`, ROUND(g.nombreHommes / g.nombreNageurs * 100, 1) as pourcentH, ROUND((g.nombreNageurs - g.nombreHommes) / g.nombreNageurs * 100, 1) as pourcentF
FROM `general` `g`
LEFT JOIN `images` `i` ON `g`.`image_id` = `i`.`id`
LEFT JOIN `images` `ig` ON `g`.`image_groupe_id` = `ig`.`id`
LEFT JOIN `images` `il` ON `g`.`logoffessm_id` = `il`.`id`', [], false)
 4 APPPATH\Models\Public\Donnees.php(21): CodeIgniter\Database\BaseBuilder->get()
 5 APPPATH\Controllers\Public\Home.php(26): App\Models\Public\Donnees->getGeneral()
 6 SYSTEMPATH\CodeIgniter.php(903): App\Controllers\Public\Home->__construct()
 7 SYSTEMPATH\CodeIgniter.php(498): CodeIgniter\CodeIgniter->createController()
 8 SYSTEMPATH\CodeIgniter.php(354): CodeIgniter\CodeIgniter->handleRequest(null, Object(Config\Cache), false)
 9 SYSTEMPATH\Boot.php(334): CodeIgniter\CodeIgniter->run()
10 SYSTEMPATH\Boot.php(67): CodeIgniter\Boot::runCodeIgniter(Object(CodeIgniter\CodeIgniter))
11 FCPATH\index.php(69): CodeIgniter\Boot::bootWeb(Object(Config\Paths))
CRITICAL - 2026-02-05 10:27:45 --> [Caused by] mysqli_sql_exception: Unknown column 'g.adresse' in 'field list'
in SYSTEMPATH\Database\MySQLi\Connection.php on line 327.
 1 SYSTEMPATH\Database\MySQLi\Connection.php(327): mysqli->query('SELECT `i`.`path` as `image`, `ig`.`path` as `image_groupe`, `il`.`path` as `logoffessm`, `g`.`nomClub`, `g`.`mailClub`, `g`.`adresse`, `g`.`description`, `g`.`philosophie`, `g`.`nombreNageurs`, `g`.`projetSportif`, `g`.`lienFacebook`, `g`.`lienInstagram`, `g`.`lienffessm`, `g`.`lienDrive`, ROUND(g.nombreHommes / g.nombreNageurs * 100, 1) as pourcentH, ROUND((g.nombreNageurs - g.nombreHommes) / g.nombreNageurs * 100, 1) as pourcentF
FROM `general` `g`
LEFT JOIN `images` `i` ON `g`.`image_id` = `i`.`id`
LEFT JOIN `images` `ig` ON `g`.`image_groupe_id` = `ig`.`id`
LEFT JOIN `images` `il` ON `g`.`logoffessm_id` = `il`.`id`', 0)
 2 SYSTEMPATH\Database\BaseConnection.php(738): CodeIgniter\Database\MySQLi\Connection->execute('SELECT `i`.`path` as `image`, `ig`.`path` as `image_groupe`, `il`.`path` as `logoffessm`, `g`.`nomClub`, `g`.`mailClub`, `g`.`adresse`, `g`.`description`, `g`.`philosophie`, `g`.`nombreNageurs`, `g`.`projetSportif`, `g`.`lienFacebook`, `g`.`lienInstagram`, `g`.`lienffessm`, `g`.`lienDrive`, ROUND(g.nombreHommes / g.nombreNageurs * 100, 1) as pourcentH, ROUND((g.nombreNageurs - g.nombreHommes) / g.nombreNageurs * 100, 1) as pourcentF
FROM `general` `g`
LEFT JOIN `images` `i` ON `g`.`image_id` = `i`.`id`
LEFT JOIN `images` `ig` ON `g`.`image_groupe_id` = `ig`.`id`
LEFT JOIN `images` `il` ON `g`.`logoffessm_id` = `il`.`id`')
 3 SYSTEMPATH\Database\BaseConnection.php(652): CodeIgniter\Database\BaseConnection->simpleQuery('SELECT `i`.`path` as `image`, `ig`.`path` as `image_groupe`, `il`.`path` as `logoffessm`, `g`.`nomClub`, `g`.`mailClub`, `g`.`adresse`, `g`.`description`, `g`.`philosophie`, `g`.`nombreNageurs`, `g`.`projetSportif`, `g`.`lienFacebook`, `g`.`lienInstagram`, `g`.`lienffessm`, `g`.`lienDrive`, ROUND(g.nombreHommes / g.nombreNageurs * 100, 1) as pourcentH, ROUND((g.nombreNageurs - g.nombreHommes) / g.nombreNageurs * 100, 1) as pourcentF
FROM `general` `g`
LEFT JOIN `images` `i` ON `g`.`image_id` = `i`.`id`
LEFT JOIN `images` `ig` ON `g`.`image_groupe_id` = `ig`.`id`
LEFT JOIN `images` `il` ON `g`.`logoffessm_id` = `il`.`id`')
 4 SYSTEMPATH\Database\BaseBuilder.php(1649): CodeIgniter\Database\BaseConnection->query('SELECT `i`.`path` as `image`, `ig`.`path` as `image_groupe`, `il`.`path` as `logoffessm`, `g`.`nomClub`, `g`.`mailClub`, `g`.`adresse`, `g`.`description`, `g`.`philosophie`, `g`.`nombreNageurs`, `g`.`projetSportif`, `g`.`lienFacebook`, `g`.`lienInstagram`, `g`.`lienffessm`, `g`.`lienDrive`, ROUND(g.nombreHommes / g.nombreNageurs * 100, 1) as pourcentH, ROUND((g.nombreNageurs - g.nombreHommes) / g.nombreNageurs * 100, 1) as pourcentF
FROM `general` `g`
LEFT JOIN `images` `i` ON `g`.`image_id` = `i`.`id`
LEFT JOIN `images` `ig` ON `g`.`image_groupe_id` = `ig`.`id`
LEFT JOIN `images` `il` ON `g`.`logoffessm_id` = `il`.`id`', [], false)
 5 APPPATH\Models\Public\Donnees.php(21): CodeIgniter\Database\BaseBuilder->get()
 6 APPPATH\Controllers\Public\Home.php(26): App\Models\Public\Donnees->getGeneral()
 7 SYSTEMPATH\CodeIgniter.php(903): App\Controllers\Public\Home->__construct()
 8 SYSTEMPATH\CodeIgniter.php(498): CodeIgniter\CodeIgniter->createController()
 9 SYSTEMPATH\CodeIgniter.php(354): CodeIgniter\CodeIgniter->handleRequest(null, Object(Config\Cache), false)
10 SYSTEMPATH\Boot.php(334): CodeIgniter\CodeIgniter->run()
11 SYSTEMPATH\Boot.php(67): CodeIgniter\Boot::runCodeIgniter(Object(CodeIgniter\CodeIgniter))
12 FCPATH\index.php(69): CodeIgniter\Boot::bootWeb(Object(Config\Paths))
DEBUG - 2026-02-05 10:28:15 --> Session: Class initialized using 'CodeIgniter\Session\Handlers\FileHandler' driver.
DEBUG - 2026-02-05 10:28:46 --> Session: Class initialized using 'CodeIgniter\Session\Handlers\FileHandler' driver.
DEBUG - 2026-02-05 10:28:46 --> Session: Class initialized using 'CodeIgniter\Session\Handlers\FileHandler' driver.
DEBUG - 2026-02-05 10:28:52 --> Session: Class initialized using 'CodeIgniter\Session\Handlers\FileHandler' driver.
DEBUG - 2026-02-05 10:28:52 --> Session: Class initialized using 'CodeIgniter\Session\Handlers\FileHandler' driver.
DEBUG - 2026-02-05 10:28:58 --> Session: Class initialized using 'CodeIgniter\Session\Handlers\FileHandler' driver.
DEBUG - 2026-02-05 10:29:24 --> Session: Class initialized using 'CodeIgniter\Session\Handlers\FileHandler' driver.
DEBUG - 2026-02-05 10:30:18 --> Session: Class initialized using 'CodeIgniter\Session\Handlers\FileHandler' driver.
DEBUG - 2026-02-05 10:30:29 --> Session: Class initialized using 'CodeIgniter\Session\Handlers\FileHandler' driver.
DEBUG - 2026-02-05 10:30:29 --> Session: Class initialized using 'CodeIgniter\Session\Handlers\FileHandler' driver.
DEBUG - 2026-02-05 10:30:32 --> Session: Class initialized using 'CodeIgniter\Session\Handlers\FileHandler' driver.
DEBUG - 2026-02-05 10:30:56 --> Session: Class initialized using 'CodeIgniter\Session\Handlers\FileHandler' driver.
DEBUG - 2026-02-05 10:30:56 --> Session: Class initialized using 'CodeIgniter\Session\Handlers\FileHandler' driver.
DEBUG - 2026-02-05 10:31:47 --> Session: Class initialized using 'CodeIgniter\Session\Handlers\FileHandler' driver.
DEBUG - 2026-02-05 10:31:47 --> Session: Class initialized using 'CodeIgniter\Session\Handlers\FileHandler' driver.
DEBUG - 2026-02-05 10:33:09 --> Session: Class initialized using 'CodeIgniter\Session\Handlers\FileHandler' driver.
DEBUG - 2026-02-05 10:33:25 --> Session: Class initialized using 'CodeIgniter\Session\Handlers\FileHandler' driver.
DEBUG - 2026-02-05 10:33:25 --> Session: Class initialized using 'CodeIgniter\Session\Handlers\FileHandler' driver.
DEBUG - 2026-02-05 10:33:33 --> Session: Class initialized using 'CodeIgniter\Session\Handlers\FileHandler' driver.
DEBUG - 2026-02-05 10:33:33 --> Session: Class initialized using 'CodeIgniter\Session\Handlers\FileHandler' driver.
DEBUG - 2026-02-05 10:34:50 --> Session: Class initialized using 'CodeIgniter\Session\Handlers\FileHandler' driver.
DEBUG - 2026-02-05 10:34:58 --> Session: Class initialized using 'CodeIgniter\Session\Handlers\FileHandler' driver.
DEBUG - 2026-02-05 10:34:59 --> Session: Class initialized using 'CodeIgniter\Session\Handlers\FileHandler' driver.
DEBUG - 2026-02-05 10:35:14 --> Session: Class initialized using 'CodeIgniter\Session\Handlers\FileHandler' driver.
DEBUG - 2026-02-05 10:35:14 --> Session: Class initialized using 'CodeIgniter\Session\Handlers\FileHandler' driver.
DEBUG - 2026-02-05 10:35:18 --> Session: Class initialized using 'CodeIgniter\Session\Handlers\FileHandler' driver.
DEBUG - 2026-02-05 10:35:20 --> Session: Class initialized using 'CodeIgniter\Session\Handlers\FileHandler' driver.
DEBUG - 2026-02-05 10:35:23 --> Session: Class initialized using 'CodeIgniter\Session\Handlers\FileHandler' driver.
DEBUG - 2026-02-05 10:35:43 --> Session: Class initialized using 'CodeIgniter\Session\Handlers\FileHandler' driver.
DEBUG - 2026-02-05 10:36:20 --> Session: Class initialized using 'CodeIgniter\Session\Handlers\FileHandler' driver.
DEBUG - 2026-02-05 10:36:28 --> Session: Class initialized using 'CodeIgniter\Session\Handlers\FileHandler' driver.
DEBUG - 2026-02-05 10:36:31 --> Session: Class initialized using 'CodeIgniter\Session\Handlers\FileHandler' driver.
DEBUG - 2026-02-05 10:39:27 --> Session: Class initialized using 'CodeIgniter\Session\Handlers\FileHandler' driver.
DEBUG - 2026-02-05 10:39:30 --> Session: Class initialized using 'CodeIgniter\Session\Handlers\FileHandler' driver.
DEBUG - 2026-02-05 10:39:30 --> Session: Class initialized using 'CodeIgniter\Session\Handlers\FileHandler' driver.
DEBUG - 2026-02-05 10:39:35 --> Session: Class initialized using 'CodeIgniter\Session\Handlers\FileHandler' driver.
DEBUG - 2026-02-05 10:40:17 --> Session: Class initialized using 'CodeIgniter\Session\Handlers\FileHandler' driver.
DEBUG - 2026-02-05 10:40:28 --> Session: Class initialized using 'CodeIgniter\Session\Handlers\FileHandler' driver.
DEBUG - 2026-02-05 10:41:00 --> Session: Class initialized using 'CodeIgniter\Session\Handlers\FileHandler' driver.
CRITICAL - 2026-02-05 10:44:10 --> CodeIgniter\Database\Exceptions\DatabaseException: You must set the database table to be used with your query.
[Method: GET, Route: mentions-legales]
in SYSTEMPATH\Database\BaseConnection.php on line 941.
 1 SYSTEMPATH\Model.php(714): CodeIgniter\Database\BaseConnection->table(null)
 2 SYSTEMPATH\Model.php(920): CodeIgniter\Model->builder()
 3 APPPATH\Controllers\Public\Home.php(113): CodeIgniter\Model->__call('getPresident', [])
 4 SYSTEMPATH\CodeIgniter.php(933): App\Controllers\Public\Home->mentions_legales()
 5 SYSTEMPATH\CodeIgniter.php(507): CodeIgniter\CodeIgniter->runController(Object(App\Controllers\Public\Home))
 6 SYSTEMPATH\CodeIgniter.php(354): CodeIgniter\CodeIgniter->handleRequest(null, Object(Config\Cache), false)
 7 SYSTEMPATH\Boot.php(334): CodeIgniter\CodeIgniter->run()
 8 SYSTEMPATH\Boot.php(67): CodeIgniter\Boot::runCodeIgniter(Object(CodeIgniter\CodeIgniter))
 9 FCPATH\index.php(69): CodeIgniter\Boot::bootWeb(Object(Config\Paths))
CRITICAL - 2026-02-05 10:44:56 --> CodeIgniter\Database\Exceptions\DatabaseException: You must set the database table to be used with your query.
[Method: GET, Route: mentions-legales]
in SYSTEMPATH\Database\BaseConnection.php on line 941.
 1 SYSTEMPATH\Model.php(714): CodeIgniter\Database\BaseConnection->table(null)
 2 SYSTEMPATH\Model.php(920): CodeIgniter\Model->builder()
 3 APPPATH\Controllers\Public\Home.php(113): CodeIgniter\Model->__call('getPresident', [])
 4 SYSTEMPATH\CodeIgniter.php(933): App\Controllers\Public\Home->mentions_legales()
 5 SYSTEMPATH\CodeIgniter.php(507): CodeIgniter\CodeIgniter->runController(Object(App\Controllers\Public\Home))
 6 SYSTEMPATH\CodeIgniter.php(354): CodeIgniter\CodeIgniter->handleRequest(null, Object(Config\Cache), false)
 7 SYSTEMPATH\Boot.php(334): CodeIgniter\CodeIgniter->run()
 8 SYSTEMPATH\Boot.php(67): CodeIgniter\Boot::runCodeIgniter(Object(CodeIgniter\CodeIgniter))
 9 FCPATH\index.php(69): CodeIgniter\Boot::bootWeb(Object(Config\Paths))
DEBUG - 2026-02-05 10:48:40 --> Session: Class initialized using 'CodeIgniter\Session\Handlers\FileHandler' driver.
DEBUG - 2026-02-05 10:49:41 --> Session: Class initialized using 'CodeIgniter\Session\Handlers\FileHandler' driver.
DEBUG - 2026-02-05 10:50:03 --> Session: Class initialized using 'CodeIgniter\Session\Handlers\FileHandler' driver.
DEBUG - 2026-02-05 10:50:03 --> Session: Class initialized using 'CodeIgniter\Session\Handlers\FileHandler' driver.
DEBUG - 2026-02-05 10:50:10 --> Session: Class initialized using 'CodeIgniter\Session\Handlers\FileHandler' driver.
DEBUG - 2026-02-05 10:50:10 --> Session: Class initialized using 'CodeIgniter\Session\Handlers\FileHandler' driver.
DEBUG - 2026-02-05 10:50:14 --> Session: Class initialized using 'CodeIgniter\Session\Handlers\FileHandler' driver.
DEBUG - 2026-02-05 10:50:21 --> Session: Class initialized using 'CodeIgniter\Session\Handlers\FileHandler' driver.
DEBUG - 2026-02-05 10:50:26 --> Session: Class initialized using 'CodeIgniter\Session\Handlers\FileHandler' driver.
DEBUG - 2026-02-05 10:50:26 --> Session: Class initialized using 'CodeIgniter\Session\Handlers\FileHandler' driver.
DEBUG - 2026-02-05 10:50:33 --> Session: Class initialized using 'CodeIgniter\Session\Handlers\FileHandler' driver.
DEBUG - 2026-02-05 10:50:35 --> Session: Class initialized using 'CodeIgniter\Session\Handlers\FileHandler' driver.
DEBUG - 2026-02-05 10:50:35 --> Session: Class initialized using 'CodeIgniter\Session\Handlers\FileHandler' driver.
DEBUG - 2026-02-05 10:50:39 --> Session: Class initialized using 'CodeIgniter\Session\Handlers\FileHandler' driver.
DEBUG - 2026-02-05 10:50:47 --> Session: Class initialized using 'CodeIgniter\Session\Handlers\FileHandler' driver.
DEBUG - 2026-02-05 10:50:49 --> Session: Class initialized using 'CodeIgniter\Session\Handlers\FileHandler' driver.
DEBUG - 2026-02-05 10:50:51 --> Session: Class initialized using 'CodeIgniter\Session\Handlers\FileHandler' driver.
DEBUG - 2026-02-05 10:51:03 --> Session: Class initialized using 'CodeIgniter\Session\Handlers\FileHandler' driver.
DEBUG - 2026-02-05 10:51:03 --> Session: Class initialized using 'CodeIgniter\Session\Handlers\FileHandler' driver.
DEBUG - 2026-02-05 10:51:13 --> Session: Class initialized using 'CodeIgniter\Session\Handlers\FileHandler' driver.
DEBUG - 2026-02-05 10:51:14 --> Session: Class initialized using 'CodeIgniter\Session\Handlers\FileHandler' driver.
DEBUG - 2026-02-05 10:51:19 --> Session: Class initialized using 'CodeIgniter\Session\Handlers\FileHandler' driver.
DEBUG - 2026-02-05 10:51:22 --> Session: Class initialized using 'CodeIgniter\Session\Handlers\FileHandler' driver.
DEBUG - 2026-02-05 10:51:27 --> Session: Class initialized using 'CodeIgniter\Session\Handlers\FileHandler' driver.
DEBUG - 2026-02-05 10:51:28 --> Session: Class initialized using 'CodeIgniter\Session\Handlers\FileHandler' driver.
DEBUG - 2026-02-05 10:53:49 --> Session: Class initialized using 'CodeIgniter\Session\Handlers\FileHandler' driver.
DEBUG - 2026-02-05 10:54:13 --> Session: Class initialized using 'CodeIgniter\Session\Handlers\FileHandler' driver.
ERROR - 2026-02-05 10:54:13 --> mysqli_sql_exception: Expression #1 of ORDER BY clause is not in GROUP BY clause and contains nonaggregated column 'b13_39213320_dbpec.fonctions.titre' which is not functionally dependent on columns in GROUP BY clause; this is incompatible with sql_mode=only_full_group_by in C:\xampp\htdocs\www\Site-du-PEC\htdocs\system\Database\MySQLi\Connection.php:327
Stack trace:
#0 C:\xampp\htdocs\www\Site-du-PEC\htdocs\system\Database\MySQLi\Connection.php(327): mysqli->query('SELECT `membres...', 0)
#1 C:\xampp\htdocs\www\Site-du-PEC\htdocs\system\Database\BaseConnection.php(738): CodeIgniter\Database\MySQLi\Connection->execute('SELECT `membres...')
#2 C:\xampp\htdocs\www\Site-du-PEC\htdocs\system\Database\BaseConnection.php(652): CodeIgniter\Database\BaseConnection->simpleQuery('SELECT `membres...')
#3 C:\xampp\htdocs\www\Site-du-PEC\htdocs\system\Database\BaseBuilder.php(1649): CodeIgniter\Database\BaseConnection->query('SELECT `membres...', Array, false)
#4 C:\xampp\htdocs\www\Site-du-PEC\htdocs\system\Model.php(286): CodeIgniter\Database\BaseBuilder->get()
#5 C:\xampp\htdocs\www\Site-du-PEC\htdocs\system\BaseModel.php(679): CodeIgniter\Model->doFindAll(0, 0)
#6 C:\xampp\htdocs\www\Site-du-PEC\htdocs\app\Models\Admin\MembresModel.php(35): CodeIgniter\BaseModel->findAll()
#7 C:\xampp\htdocs\www\Site-du-PEC\htdocs\app\Controllers\Admin\Membres.php(25): App\Models\Admin\MembresModel->getMembresWithRelations()
#8 C:\xampp\htdocs\www\Site-du-PEC\htdocs\system\CodeIgniter.php(933): App\Controllers\Admin\Membres->index()
#9 C:\xampp\htdocs\www\Site-du-PEC\htdocs\system\CodeIgniter.php(507): CodeIgniter\CodeIgniter->runController(Object(App\Controllers\Admin\Membres))
#10 C:\xampp\htdocs\www\Site-du-PEC\htdocs\system\CodeIgniter.php(354): CodeIgniter\CodeIgniter->handleRequest(NULL, Object(Config\Cache), false)
#11 C:\xampp\htdocs\www\Site-du-PEC\htdocs\system\Boot.php(334): CodeIgniter\CodeIgniter->run()
#12 C:\xampp\htdocs\www\Site-du-PEC\htdocs\system\Boot.php(67): CodeIgniter\Boot::runCodeIgniter(Object(CodeIgniter\CodeIgniter))
#13 C:\xampp\htdocs\www\Site-du-PEC\htdocs\public\index.php(69): CodeIgniter\Boot::bootWeb(Object(Config\Paths))
#14 {main}
CRITICAL - 2026-02-05 10:54:13 --> CodeIgniter\Database\Exceptions\DatabaseException: Expression #1 of ORDER BY clause is not in GROUP BY clause and contains nonaggregated column 'b13_39213320_dbpec.fonctions.titre' which is not functionally dependent on columns in GROUP BY clause; this is incompatible with sql_mode=only_full_group_by
[Method: GET, Route: admin/membres]
in SYSTEMPATH\Database\BaseConnection.php on line 692.
 1 SYSTEMPATH\Database\BaseBuilder.php(1649): CodeIgniter\Database\BaseConnection->query('SELECT `membres`.*, `images`.`path` as `image_path`, `images`.`alt`, GROUP_CONCAT(fonctions.titre SEPARATOR ", ") as roles_string, GROUP_CONCAT(fonctions.id) as roles_ids
FROM `membres`
LEFT JOIN `images` ON `membres`.`image_id` = `images`.`id`
LEFT JOIN `membre_fonction` ON `membres`.`id` = `membre_fonction`.`membre_id`
LEFT JOIN `fonctions` ON `membre_fonction`.`fonction_id` = `fonctions`.`id`
GROUP BY `membres`.`id`
ORDER BY `fonctions`.`titre` ASC, `membres`.`nom` ASC', [], false)
 2 SYSTEMPATH\Model.php(286): CodeIgniter\Database\BaseBuilder->get()
 3 SYSTEMPATH\BaseModel.php(679): CodeIgniter\Model->doFindAll(0, 0)
 4 APPPATH\Models\Admin\MembresModel.php(35): CodeIgniter\BaseModel->findAll()
 5 APPPATH\Controllers\Admin\Membres.php(25): App\Models\Admin\MembresModel->getMembresWithRelations()
 6 SYSTEMPATH\CodeIgniter.php(933): App\Controllers\Admin\Membres->index()
 7 SYSTEMPATH\CodeIgniter.php(507): CodeIgniter\CodeIgniter->runController(Object(App\Controllers\Admin\Membres))
 8 SYSTEMPATH\CodeIgniter.php(354): CodeIgniter\CodeIgniter->handleRequest(null, Object(Config\Cache), false)
 9 SYSTEMPATH\Boot.php(334): CodeIgniter\CodeIgniter->run()
10 SYSTEMPATH\Boot.php(67): CodeIgniter\Boot::runCodeIgniter(Object(CodeIgniter\CodeIgniter))
11 FCPATH\index.php(69): CodeIgniter\Boot::bootWeb(Object(Config\Paths))
CRITICAL - 2026-02-05 10:54:13 --> [Caused by] CodeIgniter\Database\Exceptions\DatabaseException: Expression #1 of ORDER BY clause is not in GROUP BY clause and contains nonaggregated column 'b13_39213320_dbpec.fonctions.titre' which is not functionally dependent on columns in GROUP BY clause; this is incompatible with sql_mode=only_full_group_by
in SYSTEMPATH\Database\MySQLi\Connection.php on line 332.
 1 SYSTEMPATH\Database\BaseConnection.php(738): CodeIgniter\Database\MySQLi\Connection->execute('SELECT `membres`.*, `images`.`path` as `image_path`, `images`.`alt`, GROUP_CONCAT(fonctions.titre SEPARATOR ", ") as roles_string, GROUP_CONCAT(fonctions.id) as roles_ids
FROM `membres`
LEFT JOIN `images` ON `membres`.`image_id` = `images`.`id`
LEFT JOIN `membre_fonction` ON `membres`.`id` = `membre_fonction`.`membre_id`
LEFT JOIN `fonctions` ON `membre_fonction`.`fonction_id` = `fonctions`.`id`
GROUP BY `membres`.`id`
ORDER BY `fonctions`.`titre` ASC, `membres`.`nom` ASC')
 2 SYSTEMPATH\Database\BaseConnection.php(652): CodeIgniter\Database\BaseConnection->simpleQuery('SELECT `membres`.*, `images`.`path` as `image_path`, `images`.`alt`, GROUP_CONCAT(fonctions.titre SEPARATOR ", ") as roles_string, GROUP_CONCAT(fonctions.id) as roles_ids
FROM `membres`
LEFT JOIN `images` ON `membres`.`image_id` = `images`.`id`
LEFT JOIN `membre_fonction` ON `membres`.`id` = `membre_fonction`.`membre_id`
LEFT JOIN `fonctions` ON `membre_fonction`.`fonction_id` = `fonctions`.`id`
GROUP BY `membres`.`id`
ORDER BY `fonctions`.`titre` ASC, `membres`.`nom` ASC')
 3 SYSTEMPATH\Database\BaseBuilder.php(1649): CodeIgniter\Database\BaseConnection->query('SELECT `membres`.*, `images`.`path` as `image_path`, `images`.`alt`, GROUP_CONCAT(fonctions.titre SEPARATOR ", ") as roles_string, GROUP_CONCAT(fonctions.id) as roles_ids
FROM `membres`
LEFT JOIN `images` ON `membres`.`image_id` = `images`.`id`
LEFT JOIN `membre_fonction` ON `membres`.`id` = `membre_fonction`.`membre_id`
LEFT JOIN `fonctions` ON `membre_fonction`.`fonction_id` = `fonctions`.`id`
GROUP BY `membres`.`id`
ORDER BY `fonctions`.`titre` ASC, `membres`.`nom` ASC', [], false)
 4 SYSTEMPATH\Model.php(286): CodeIgniter\Database\BaseBuilder->get()
 5 SYSTEMPATH\BaseModel.php(679): CodeIgniter\Model->doFindAll(0, 0)
 6 APPPATH\Models\Admin\MembresModel.php(35): CodeIgniter\BaseModel->findAll()
 7 APPPATH\Controllers\Admin\Membres.php(25): App\Models\Admin\MembresModel->getMembresWithRelations()
 8 SYSTEMPATH\CodeIgniter.php(933): App\Controllers\Admin\Membres->index()
 9 SYSTEMPATH\CodeIgniter.php(507): CodeIgniter\CodeIgniter->runController(Object(App\Controllers\Admin\Membres))
10 SYSTEMPATH\CodeIgniter.php(354): CodeIgniter\CodeIgniter->handleRequest(null, Object(Config\Cache), false)
11 SYSTEMPATH\Boot.php(334): CodeIgniter\CodeIgniter->run()
12 SYSTEMPATH\Boot.php(67): CodeIgniter\Boot::runCodeIgniter(Object(CodeIgniter\CodeIgniter))
13 FCPATH\index.php(69): CodeIgniter\Boot::bootWeb(Object(Config\Paths))
CRITICAL - 2026-02-05 10:54:13 --> [Caused by] mysqli_sql_exception: Expression #1 of ORDER BY clause is not in GROUP BY clause and contains nonaggregated column 'b13_39213320_dbpec.fonctions.titre' which is not functionally dependent on columns in GROUP BY clause; this is incompatible with sql_mode=only_full_group_by
in SYSTEMPATH\Database\MySQLi\Connection.php on line 327.
 1 SYSTEMPATH\Database\MySQLi\Connection.php(327): mysqli->query('SELECT `membres`.*, `images`.`path` as `image_path`, `images`.`alt`, GROUP_CONCAT(fonctions.titre SEPARATOR ", ") as roles_string, GROUP_CONCAT(fonctions.id) as roles_ids
FROM `membres`
LEFT JOIN `images` ON `membres`.`image_id` = `images`.`id`
LEFT JOIN `membre_fonction` ON `membres`.`id` = `membre_fonction`.`membre_id`
LEFT JOIN `fonctions` ON `membre_fonction`.`fonction_id` = `fonctions`.`id`
GROUP BY `membres`.`id`
ORDER BY `fonctions`.`titre` ASC, `membres`.`nom` ASC', 0)
 2 SYSTEMPATH\Database\BaseConnection.php(738): CodeIgniter\Database\MySQLi\Connection->execute('SELECT `membres`.*, `images`.`path` as `image_path`, `images`.`alt`, GROUP_CONCAT(fonctions.titre SEPARATOR ", ") as roles_string, GROUP_CONCAT(fonctions.id) as roles_ids
FROM `membres`
LEFT JOIN `images` ON `membres`.`image_id` = `images`.`id`
LEFT JOIN `membre_fonction` ON `membres`.`id` = `membre_fonction`.`membre_id`
LEFT JOIN `fonctions` ON `membre_fonction`.`fonction_id` = `fonctions`.`id`
GROUP BY `membres`.`id`
ORDER BY `fonctions`.`titre` ASC, `membres`.`nom` ASC')
 3 SYSTEMPATH\Database\BaseConnection.php(652): CodeIgniter\Database\BaseConnection->simpleQuery('SELECT `membres`.*, `images`.`path` as `image_path`, `images`.`alt`, GROUP_CONCAT(fonctions.titre SEPARATOR ", ") as roles_string, GROUP_CONCAT(fonctions.id) as roles_ids
FROM `membres`
LEFT JOIN `images` ON `membres`.`image_id` = `images`.`id`
LEFT JOIN `membre_fonction` ON `membres`.`id` = `membre_fonction`.`membre_id`
LEFT JOIN `fonctions` ON `membre_fonction`.`fonction_id` = `fonctions`.`id`
GROUP BY `membres`.`id`
ORDER BY `fonctions`.`titre` ASC, `membres`.`nom` ASC')
 4 SYSTEMPATH\Database\BaseBuilder.php(1649): CodeIgniter\Database\BaseConnection->query('SELECT `membres`.*, `images`.`path` as `image_path`, `images`.`alt`, GROUP_CONCAT(fonctions.titre SEPARATOR ", ") as roles_string, GROUP_CONCAT(fonctions.id) as roles_ids
FROM `membres`
LEFT JOIN `images` ON `membres`.`image_id` = `images`.`id`
LEFT JOIN `membre_fonction` ON `membres`.`id` = `membre_fonction`.`membre_id`
LEFT JOIN `fonctions` ON `membre_fonction`.`fonction_id` = `fonctions`.`id`
GROUP BY `membres`.`id`
ORDER BY `fonctions`.`titre` ASC, `membres`.`nom` ASC', [], false)
 5 SYSTEMPATH\Model.php(286): CodeIgniter\Database\BaseBuilder->get()
 6 SYSTEMPATH\BaseModel.php(679): CodeIgniter\Model->doFindAll(0, 0)
 7 APPPATH\Models\Admin\MembresModel.php(35): CodeIgniter\BaseModel->findAll()
 8 APPPATH\Controllers\Admin\Membres.php(25): App\Models\Admin\MembresModel->getMembresWithRelations()
 9 SYSTEMPATH\CodeIgniter.php(933): App\Controllers\Admin\Membres->index()
10 SYSTEMPATH\CodeIgniter.php(507): CodeIgniter\CodeIgniter->runController(Object(App\Controllers\Admin\Membres))
11 SYSTEMPATH\CodeIgniter.php(354): CodeIgniter\CodeIgniter->handleRequest(null, Object(Config\Cache), false)
12 SYSTEMPATH\Boot.php(334): CodeIgniter\CodeIgniter->run()
13 SYSTEMPATH\Boot.php(67): CodeIgniter\Boot::runCodeIgniter(Object(CodeIgniter\CodeIgniter))
14 FCPATH\index.php(69): CodeIgniter\Boot::bootWeb(Object(Config\Paths))
DEBUG - 2026-02-05 10:54:32 --> Session: Class initialized using 'CodeIgniter\Session\Handlers\FileHandler' driver.
ERROR - 2026-02-05 10:54:32 --> mysqli_sql_exception: Expression #1 of ORDER BY clause is not in GROUP BY clause and contains nonaggregated column 'b13_39213320_dbpec.fonctions.titre' which is not functionally dependent on columns in GROUP BY clause; this is incompatible with sql_mode=only_full_group_by in C:\xampp\htdocs\www\Site-du-PEC\htdocs\system\Database\MySQLi\Connection.php:327
Stack trace:
#0 C:\xampp\htdocs\www\Site-du-PEC\htdocs\system\Database\MySQLi\Connection.php(327): mysqli->query('SELECT `membres...', 0)
#1 C:\xampp\htdocs\www\Site-du-PEC\htdocs\system\Database\BaseConnection.php(738): CodeIgniter\Database\MySQLi\Connection->execute('SELECT `membres...')
#2 C:\xampp\htdocs\www\Site-du-PEC\htdocs\system\Database\BaseConnection.php(652): CodeIgniter\Database\BaseConnection->simpleQuery('SELECT `membres...')
#3 C:\xampp\htdocs\www\Site-du-PEC\htdocs\system\Database\BaseBuilder.php(1649): CodeIgniter\Database\BaseConnection->query('SELECT `membres...', Array, false)
#4 C:\xampp\htdocs\www\Site-du-PEC\htdocs\system\Model.php(286): CodeIgniter\Database\BaseBuilder->get()
#5 C:\xampp\htdocs\www\Site-du-PEC\htdocs\system\BaseModel.php(679): CodeIgniter\Model->doFindAll(0, 0)
#6 C:\xampp\htdocs\www\Site-du-PEC\htdocs\app\Models\Admin\MembresModel.php(35): CodeIgniter\BaseModel->findAll()
#7 C:\xampp\htdocs\www\Site-du-PEC\htdocs\app\Controllers\Admin\Membres.php(25): App\Models\Admin\MembresModel->getMembresWithRelations()
#8 C:\xampp\htdocs\www\Site-du-PEC\htdocs\system\CodeIgniter.php(933): App\Controllers\Admin\Membres->index()
#9 C:\xampp\htdocs\www\Site-du-PEC\htdocs\system\CodeIgniter.php(507): CodeIgniter\CodeIgniter->runController(Object(App\Controllers\Admin\Membres))
#10 C:\xampp\htdocs\www\Site-du-PEC\htdocs\system\CodeIgniter.php(354): CodeIgniter\CodeIgniter->handleRequest(NULL, Object(Config\Cache), false)
#11 C:\xampp\htdocs\www\Site-du-PEC\htdocs\system\Boot.php(334): CodeIgniter\CodeIgniter->run()
#12 C:\xampp\htdocs\www\Site-du-PEC\htdocs\system\Boot.php(67): CodeIgniter\Boot::runCodeIgniter(Object(CodeIgniter\CodeIgniter))
#13 C:\xampp\htdocs\www\Site-du-PEC\htdocs\public\index.php(69): CodeIgniter\Boot::bootWeb(Object(Config\Paths))
#14 {main}
CRITICAL - 2026-02-05 10:54:32 --> CodeIgniter\Database\Exceptions\DatabaseException: Expression #1 of ORDER BY clause is not in GROUP BY clause and contains nonaggregated column 'b13_39213320_dbpec.fonctions.titre' which is not functionally dependent on columns in GROUP BY clause; this is incompatible with sql_mode=only_full_group_by
[Method: GET, Route: admin/membres]
in SYSTEMPATH\Database\BaseConnection.php on line 692.
 1 SYSTEMPATH\Database\BaseBuilder.php(1649): CodeIgniter\Database\BaseConnection->query('SELECT `membres`.*, `images`.`path` as `image_path`, `images`.`alt`, GROUP_CONCAT(fonctions.titre SEPARATOR ", ") as roles_string, GROUP_CONCAT(fonctions.id) as roles_ids
FROM `membres`
LEFT JOIN `images` ON `membres`.`image_id` = `images`.`id`
LEFT JOIN `membre_fonction` ON `membres`.`id` = `membre_fonction`.`membre_id`
LEFT JOIN `fonctions` ON `membre_fonction`.`fonction_id` = `fonctions`.`id`
GROUP BY `membres`.`id`
ORDER BY `titre` ASC, `membres`.`nom` ASC', [], false)
 2 SYSTEMPATH\Model.php(286): CodeIgniter\Database\BaseBuilder->get()
 3 SYSTEMPATH\BaseModel.php(679): CodeIgniter\Model->doFindAll(0, 0)
 4 APPPATH\Models\Admin\MembresModel.php(35): CodeIgniter\BaseModel->findAll()
 5 APPPATH\Controllers\Admin\Membres.php(25): App\Models\Admin\MembresModel->getMembresWithRelations()
 6 SYSTEMPATH\CodeIgniter.php(933): App\Controllers\Admin\Membres->index()
 7 SYSTEMPATH\CodeIgniter.php(507): CodeIgniter\CodeIgniter->runController(Object(App\Controllers\Admin\Membres))
 8 SYSTEMPATH\CodeIgniter.php(354): CodeIgniter\CodeIgniter->handleRequest(null, Object(Config\Cache), false)
 9 SYSTEMPATH\Boot.php(334): CodeIgniter\CodeIgniter->run()
10 SYSTEMPATH\Boot.php(67): CodeIgniter\Boot::runCodeIgniter(Object(CodeIgniter\CodeIgniter))
11 FCPATH\index.php(69): CodeIgniter\Boot::bootWeb(Object(Config\Paths))
CRITICAL - 2026-02-05 10:54:32 --> [Caused by] CodeIgniter\Database\Exceptions\DatabaseException: Expression #1 of ORDER BY clause is not in GROUP BY clause and contains nonaggregated column 'b13_39213320_dbpec.fonctions.titre' which is not functionally dependent on columns in GROUP BY clause; this is incompatible with sql_mode=only_full_group_by
in SYSTEMPATH\Database\MySQLi\Connection.php on line 332.
 1 SYSTEMPATH\Database\BaseConnection.php(738): CodeIgniter\Database\MySQLi\Connection->execute('SELECT `membres`.*, `images`.`path` as `image_path`, `images`.`alt`, GROUP_CONCAT(fonctions.titre SEPARATOR ", ") as roles_string, GROUP_CONCAT(fonctions.id) as roles_ids
FROM `membres`
LEFT JOIN `images` ON `membres`.`image_id` = `images`.`id`
LEFT JOIN `membre_fonction` ON `membres`.`id` = `membre_fonction`.`membre_id`
LEFT JOIN `fonctions` ON `membre_fonction`.`fonction_id` = `fonctions`.`id`
GROUP BY `membres`.`id`
ORDER BY `titre` ASC, `membres`.`nom` ASC')
 2 SYSTEMPATH\Database\BaseConnection.php(652): CodeIgniter\Database\BaseConnection->simpleQuery('SELECT `membres`.*, `images`.`path` as `image_path`, `images`.`alt`, GROUP_CONCAT(fonctions.titre SEPARATOR ", ") as roles_string, GROUP_CONCAT(fonctions.id) as roles_ids
FROM `membres`
LEFT JOIN `images` ON `membres`.`image_id` = `images`.`id`
LEFT JOIN `membre_fonction` ON `membres`.`id` = `membre_fonction`.`membre_id`
LEFT JOIN `fonctions` ON `membre_fonction`.`fonction_id` = `fonctions`.`id`
GROUP BY `membres`.`id`
ORDER BY `titre` ASC, `membres`.`nom` ASC')
 3 SYSTEMPATH\Database\BaseBuilder.php(1649): CodeIgniter\Database\BaseConnection->query('SELECT `membres`.*, `images`.`path` as `image_path`, `images`.`alt`, GROUP_CONCAT(fonctions.titre SEPARATOR ", ") as roles_string, GROUP_CONCAT(fonctions.id) as roles_ids
FROM `membres`
LEFT JOIN `images` ON `membres`.`image_id` = `images`.`id`
LEFT JOIN `membre_fonction` ON `membres`.`id` = `membre_fonction`.`membre_id`
LEFT JOIN `fonctions` ON `membre_fonction`.`fonction_id` = `fonctions`.`id`
GROUP BY `membres`.`id`
ORDER BY `titre` ASC, `membres`.`nom` ASC', [], false)
 4 SYSTEMPATH\Model.php(286): CodeIgniter\Database\BaseBuilder->get()
 5 SYSTEMPATH\BaseModel.php(679): CodeIgniter\Model->doFindAll(0, 0)
 6 APPPATH\Models\Admin\MembresModel.php(35): CodeIgniter\BaseModel->findAll()
 7 APPPATH\Controllers\Admin\Membres.php(25): App\Models\Admin\MembresModel->getMembresWithRelations()
 8 SYSTEMPATH\CodeIgniter.php(933): App\Controllers\Admin\Membres->index()
 9 SYSTEMPATH\CodeIgniter.php(507): CodeIgniter\CodeIgniter->runController(Object(App\Controllers\Admin\Membres))
10 SYSTEMPATH\CodeIgniter.php(354): CodeIgniter\CodeIgniter->handleRequest(null, Object(Config\Cache), false)
11 SYSTEMPATH\Boot.php(334): CodeIgniter\CodeIgniter->run()
12 SYSTEMPATH\Boot.php(67): CodeIgniter\Boot::runCodeIgniter(Object(CodeIgniter\CodeIgniter))
13 FCPATH\index.php(69): CodeIgniter\Boot::bootWeb(Object(Config\Paths))
CRITICAL - 2026-02-05 10:54:32 --> [Caused by] mysqli_sql_exception: Expression #1 of ORDER BY clause is not in GROUP BY clause and contains nonaggregated column 'b13_39213320_dbpec.fonctions.titre' which is not functionally dependent on columns in GROUP BY clause; this is incompatible with sql_mode=only_full_group_by
in SYSTEMPATH\Database\MySQLi\Connection.php on line 327.
 1 SYSTEMPATH\Database\MySQLi\Connection.php(327): mysqli->query('SELECT `membres`.*, `images`.`path` as `image_path`, `images`.`alt`, GROUP_CONCAT(fonctions.titre SEPARATOR ", ") as roles_string, GROUP_CONCAT(fonctions.id) as roles_ids
FROM `membres`
LEFT JOIN `images` ON `membres`.`image_id` = `images`.`id`
LEFT JOIN `membre_fonction` ON `membres`.`id` = `membre_fonction`.`membre_id`
LEFT JOIN `fonctions` ON `membre_fonction`.`fonction_id` = `fonctions`.`id`
GROUP BY `membres`.`id`
ORDER BY `titre` ASC, `membres`.`nom` ASC', 0)
 2 SYSTEMPATH\Database\BaseConnection.php(738): CodeIgniter\Database\MySQLi\Connection->execute('SELECT `membres`.*, `images`.`path` as `image_path`, `images`.`alt`, GROUP_CONCAT(fonctions.titre SEPARATOR ", ") as roles_string, GROUP_CONCAT(fonctions.id) as roles_ids
FROM `membres`
LEFT JOIN `images` ON `membres`.`image_id` = `images`.`id`
LEFT JOIN `membre_fonction` ON `membres`.`id` = `membre_fonction`.`membre_id`
LEFT JOIN `fonctions` ON `membre_fonction`.`fonction_id` = `fonctions`.`id`
GROUP BY `membres`.`id`
ORDER BY `titre` ASC, `membres`.`nom` ASC')
 3 SYSTEMPATH\Database\BaseConnection.php(652): CodeIgniter\Database\BaseConnection->simpleQuery('SELECT `membres`.*, `images`.`path` as `image_path`, `images`.`alt`, GROUP_CONCAT(fonctions.titre SEPARATOR ", ") as roles_string, GROUP_CONCAT(fonctions.id) as roles_ids
FROM `membres`
LEFT JOIN `images` ON `membres`.`image_id` = `images`.`id`
LEFT JOIN `membre_fonction` ON `membres`.`id` = `membre_fonction`.`membre_id`
LEFT JOIN `fonctions` ON `membre_fonction`.`fonction_id` = `fonctions`.`id`
GROUP BY `membres`.`id`
ORDER BY `titre` ASC, `membres`.`nom` ASC')
 4 SYSTEMPATH\Database\BaseBuilder.php(1649): CodeIgniter\Database\BaseConnection->query('SELECT `membres`.*, `images`.`path` as `image_path`, `images`.`alt`, GROUP_CONCAT(fonctions.titre SEPARATOR ", ") as roles_string, GROUP_CONCAT(fonctions.id) as roles_ids
FROM `membres`
LEFT JOIN `images` ON `membres`.`image_id` = `images`.`id`
LEFT JOIN `membre_fonction` ON `membres`.`id` = `membre_fonction`.`membre_id`
LEFT JOIN `fonctions` ON `membre_fonction`.`fonction_id` = `fonctions`.`id`
GROUP BY `membres`.`id`
ORDER BY `titre` ASC, `membres`.`nom` ASC', [], false)
 5 SYSTEMPATH\Model.php(286): CodeIgniter\Database\BaseBuilder->get()
 6 SYSTEMPATH\BaseModel.php(679): CodeIgniter\Model->doFindAll(0, 0)
 7 APPPATH\Models\Admin\MembresModel.php(35): CodeIgniter\BaseModel->findAll()
 8 APPPATH\Controllers\Admin\Membres.php(25): App\Models\Admin\MembresModel->getMembresWithRelations()
 9 SYSTEMPATH\CodeIgniter.php(933): App\Controllers\Admin\Membres->index()
10 SYSTEMPATH\CodeIgniter.php(507): CodeIgniter\CodeIgniter->runController(Object(App\Controllers\Admin\Membres))
11 SYSTEMPATH\CodeIgniter.php(354): CodeIgniter\CodeIgniter->handleRequest(null, Object(Config\Cache), false)
12 SYSTEMPATH\Boot.php(334): CodeIgniter\CodeIgniter->run()
13 SYSTEMPATH\Boot.php(67): CodeIgniter\Boot::runCodeIgniter(Object(CodeIgniter\CodeIgniter))
14 FCPATH\index.php(69): CodeIgniter\Boot::bootWeb(Object(Config\Paths))
DEBUG - 2026-02-05 10:57:50 --> Session: Class initialized using 'CodeIgniter\Session\Handlers\FileHandler' driver.
ERROR - 2026-02-05 10:57:50 --> mysqli_sql_exception: Expression #1 of ORDER BY clause is not in GROUP BY clause and contains nonaggregated column 'b13_39213320_dbpec.fonctions.titre' which is not functionally dependent on columns in GROUP BY clause; this is incompatible with sql_mode=only_full_group_by in C:\xampp\htdocs\www\Site-du-PEC\htdocs\system\Database\MySQLi\Connection.php:327
Stack trace:
#0 C:\xampp\htdocs\www\Site-du-PEC\htdocs\system\Database\MySQLi\Connection.php(327): mysqli->query('SELECT `membres...', 0)
#1 C:\xampp\htdocs\www\Site-du-PEC\htdocs\system\Database\BaseConnection.php(738): CodeIgniter\Database\MySQLi\Connection->execute('SELECT `membres...')
#2 C:\xampp\htdocs\www\Site-du-PEC\htdocs\system\Database\BaseConnection.php(652): CodeIgniter\Database\BaseConnection->simpleQuery('SELECT `membres...')
#3 C:\xampp\htdocs\www\Site-du-PEC\htdocs\system\Database\BaseBuilder.php(1649): CodeIgniter\Database\BaseConnection->query('SELECT `membres...', Array, false)
#4 C:\xampp\htdocs\www\Site-du-PEC\htdocs\system\Model.php(286): CodeIgniter\Database\BaseBuilder->get()
#5 C:\xampp\htdocs\www\Site-du-PEC\htdocs\system\BaseModel.php(679): CodeIgniter\Model->doFindAll(0, 0)
#6 C:\xampp\htdocs\www\Site-du-PEC\htdocs\app\Models\Admin\MembresModel.php(34): CodeIgniter\BaseModel->findAll()
#7 C:\xampp\htdocs\www\Site-du-PEC\htdocs\app\Controllers\Admin\Membres.php(25): App\Models\Admin\MembresModel->getMembresWithRelations()
#8 C:\xampp\htdocs\www\Site-du-PEC\htdocs\system\CodeIgniter.php(933): App\Controllers\Admin\Membres->index()
#9 C:\xampp\htdocs\www\Site-du-PEC\htdocs\system\CodeIgniter.php(507): CodeIgniter\CodeIgniter->runController(Object(App\Controllers\Admin\Membres))
#10 C:\xampp\htdocs\www\Site-du-PEC\htdocs\system\CodeIgniter.php(354): CodeIgniter\CodeIgniter->handleRequest(NULL, Object(Config\Cache), false)
#11 C:\xampp\htdocs\www\Site-du-PEC\htdocs\system\Boot.php(334): CodeIgniter\CodeIgniter->run()
#12 C:\xampp\htdocs\www\Site-du-PEC\htdocs\system\Boot.php(67): CodeIgniter\Boot::runCodeIgniter(Object(CodeIgniter\CodeIgniter))
#13 C:\xampp\htdocs\www\Site-du-PEC\htdocs\public\index.php(69): CodeIgniter\Boot::bootWeb(Object(Config\Paths))
#14 {main}
CRITICAL - 2026-02-05 10:57:50 --> CodeIgniter\Database\Exceptions\DatabaseException: Expression #1 of ORDER BY clause is not in GROUP BY clause and contains nonaggregated column 'b13_39213320_dbpec.fonctions.titre' which is not functionally dependent on columns in GROUP BY clause; this is incompatible with sql_mode=only_full_group_by
[Method: GET, Route: admin/membres]
in SYSTEMPATH\Database\BaseConnection.php on line 692.
 1 SYSTEMPATH\Database\BaseBuilder.php(1649): CodeIgniter\Database\BaseConnection->query('SELECT `membres`.*, `images`.`path` as `image_path`, `images`.`alt`, GROUP_CONCAT(fonctions.titre SEPARATOR ", ") as roles_string, GROUP_CONCAT(fonctions.id) as roles_ids
FROM `membres`
LEFT JOIN `images` ON `membres`.`image_id` = `images`.`id`
LEFT JOIN `membre_fonction` ON `membres`.`id` = `membre_fonction`.`membre_id`
LEFT JOIN `fonctions` ON `membre_fonction`.`fonction_id` = `fonctions`.`id`
GROUP BY `membres`.`id`
ORDER BY `fonctions`.`titre` ASC', [], false)
 2 SYSTEMPATH\Model.php(286): CodeIgniter\Database\BaseBuilder->get()
 3 SYSTEMPATH\BaseModel.php(679): CodeIgniter\Model->doFindAll(0, 0)
 4 APPPATH\Models\Admin\MembresModel.php(34): CodeIgniter\BaseModel->findAll()
 5 APPPATH\Controllers\Admin\Membres.php(25): App\Models\Admin\MembresModel->getMembresWithRelations()
 6 SYSTEMPATH\CodeIgniter.php(933): App\Controllers\Admin\Membres->index()
 7 SYSTEMPATH\CodeIgniter.php(507): CodeIgniter\CodeIgniter->runController(Object(App\Controllers\Admin\Membres))
 8 SYSTEMPATH\CodeIgniter.php(354): CodeIgniter\CodeIgniter->handleRequest(null, Object(Config\Cache), false)
 9 SYSTEMPATH\Boot.php(334): CodeIgniter\CodeIgniter->run()
10 SYSTEMPATH\Boot.php(67): CodeIgniter\Boot::runCodeIgniter(Object(CodeIgniter\CodeIgniter))
11 FCPATH\index.php(69): CodeIgniter\Boot::bootWeb(Object(Config\Paths))
CRITICAL - 2026-02-05 10:57:50 --> [Caused by] CodeIgniter\Database\Exceptions\DatabaseException: Expression #1 of ORDER BY clause is not in GROUP BY clause and contains nonaggregated column 'b13_39213320_dbpec.fonctions.titre' which is not functionally dependent on columns in GROUP BY clause; this is incompatible with sql_mode=only_full_group_by
in SYSTEMPATH\Database\MySQLi\Connection.php on line 332.
 1 SYSTEMPATH\Database\BaseConnection.php(738): CodeIgniter\Database\MySQLi\Connection->execute('SELECT `membres`.*, `images`.`path` as `image_path`, `images`.`alt`, GROUP_CONCAT(fonctions.titre SEPARATOR ", ") as roles_string, GROUP_CONCAT(fonctions.id) as roles_ids
FROM `membres`
LEFT JOIN `images` ON `membres`.`image_id` = `images`.`id`
LEFT JOIN `membre_fonction` ON `membres`.`id` = `membre_fonction`.`membre_id`
LEFT JOIN `fonctions` ON `membre_fonction`.`fonction_id` = `fonctions`.`id`
GROUP BY `membres`.`id`
ORDER BY `fonctions`.`titre` ASC')
 2 SYSTEMPATH\Database\BaseConnection.php(652): CodeIgniter\Database\BaseConnection->simpleQuery('SELECT `membres`.*, `images`.`path` as `image_path`, `images`.`alt`, GROUP_CONCAT(fonctions.titre SEPARATOR ", ") as roles_string, GROUP_CONCAT(fonctions.id) as roles_ids
FROM `membres`
LEFT JOIN `images` ON `membres`.`image_id` = `images`.`id`
LEFT JOIN `membre_fonction` ON `membres`.`id` = `membre_fonction`.`membre_id`
LEFT JOIN `fonctions` ON `membre_fonction`.`fonction_id` = `fonctions`.`id`
GROUP BY `membres`.`id`
ORDER BY `fonctions`.`titre` ASC')
 3 SYSTEMPATH\Database\BaseBuilder.php(1649): CodeIgniter\Database\BaseConnection->query('SELECT `membres`.*, `images`.`path` as `image_path`, `images`.`alt`, GROUP_CONCAT(fonctions.titre SEPARATOR ", ") as roles_string, GROUP_CONCAT(fonctions.id) as roles_ids
FROM `membres`
LEFT JOIN `images` ON `membres`.`image_id` = `images`.`id`
LEFT JOIN `membre_fonction` ON `membres`.`id` = `membre_fonction`.`membre_id`
LEFT JOIN `fonctions` ON `membre_fonction`.`fonction_id` = `fonctions`.`id`
GROUP BY `membres`.`id`
ORDER BY `fonctions`.`titre` ASC', [], false)
 4 SYSTEMPATH\Model.php(286): CodeIgniter\Database\BaseBuilder->get()
 5 SYSTEMPATH\BaseModel.php(679): CodeIgniter\Model->doFindAll(0, 0)
 6 APPPATH\Models\Admin\MembresModel.php(34): CodeIgniter\BaseModel->findAll()
 7 APPPATH\Controllers\Admin\Membres.php(25): App\Models\Admin\MembresModel->getMembresWithRelations()
 8 SYSTEMPATH\CodeIgniter.php(933): App\Controllers\Admin\Membres->index()
 9 SYSTEMPATH\CodeIgniter.php(507): CodeIgniter\CodeIgniter->runController(Object(App\Controllers\Admin\Membres))
10 SYSTEMPATH\CodeIgniter.php(354): CodeIgniter\CodeIgniter->handleRequest(null, Object(Config\Cache), false)
11 SYSTEMPATH\Boot.php(334): CodeIgniter\CodeIgniter->run()
12 SYSTEMPATH\Boot.php(67): CodeIgniter\Boot::runCodeIgniter(Object(CodeIgniter\CodeIgniter))
13 FCPATH\index.php(69): CodeIgniter\Boot::bootWeb(Object(Config\Paths))
CRITICAL - 2026-02-05 10:57:50 --> [Caused by] mysqli_sql_exception: Expression #1 of ORDER BY clause is not in GROUP BY clause and contains nonaggregated column 'b13_39213320_dbpec.fonctions.titre' which is not functionally dependent on columns in GROUP BY clause; this is incompatible with sql_mode=only_full_group_by
in SYSTEMPATH\Database\MySQLi\Connection.php on line 327.
 1 SYSTEMPATH\Database\MySQLi\Connection.php(327): mysqli->query('SELECT `membres`.*, `images`.`path` as `image_path`, `images`.`alt`, GROUP_CONCAT(fonctions.titre SEPARATOR ", ") as roles_string, GROUP_CONCAT(fonctions.id) as roles_ids
FROM `membres`
LEFT JOIN `images` ON `membres`.`image_id` = `images`.`id`
LEFT JOIN `membre_fonction` ON `membres`.`id` = `membre_fonction`.`membre_id`
LEFT JOIN `fonctions` ON `membre_fonction`.`fonction_id` = `fonctions`.`id`
GROUP BY `membres`.`id`
ORDER BY `fonctions`.`titre` ASC', 0)
 2 SYSTEMPATH\Database\BaseConnection.php(738): CodeIgniter\Database\MySQLi\Connection->execute('SELECT `membres`.*, `images`.`path` as `image_path`, `images`.`alt`, GROUP_CONCAT(fonctions.titre SEPARATOR ", ") as roles_string, GROUP_CONCAT(fonctions.id) as roles_ids
FROM `membres`
LEFT JOIN `images` ON `membres`.`image_id` = `images`.`id`
LEFT JOIN `membre_fonction` ON `membres`.`id` = `membre_fonction`.`membre_id`
LEFT JOIN `fonctions` ON `membre_fonction`.`fonction_id` = `fonctions`.`id`
GROUP BY `membres`.`id`
ORDER BY `fonctions`.`titre` ASC')
 3 SYSTEMPATH\Database\BaseConnection.php(652): CodeIgniter\Database\BaseConnection->simpleQuery('SELECT `membres`.*, `images`.`path` as `image_path`, `images`.`alt`, GROUP_CONCAT(fonctions.titre SEPARATOR ", ") as roles_string, GROUP_CONCAT(fonctions.id) as roles_ids
FROM `membres`
LEFT JOIN `images` ON `membres`.`image_id` = `images`.`id`
LEFT JOIN `membre_fonction` ON `membres`.`id` = `membre_fonction`.`membre_id`
LEFT JOIN `fonctions` ON `membre_fonction`.`fonction_id` = `fonctions`.`id`
GROUP BY `membres`.`id`
ORDER BY `fonctions`.`titre` ASC')
 4 SYSTEMPATH\Database\BaseBuilder.php(1649): CodeIgniter\Database\BaseConnection->query('SELECT `membres`.*, `images`.`path` as `image_path`, `images`.`alt`, GROUP_CONCAT(fonctions.titre SEPARATOR ", ") as roles_string, GROUP_CONCAT(fonctions.id) as roles_ids
FROM `membres`
LEFT JOIN `images` ON `membres`.`image_id` = `images`.`id`
LEFT JOIN `membre_fonction` ON `membres`.`id` = `membre_fonction`.`membre_id`
LEFT JOIN `fonctions` ON `membre_fonction`.`fonction_id` = `fonctions`.`id`
GROUP BY `membres`.`id`
ORDER BY `fonctions`.`titre` ASC', [], false)
 5 SYSTEMPATH\Model.php(286): CodeIgniter\Database\BaseBuilder->get()
 6 SYSTEMPATH\BaseModel.php(679): CodeIgniter\Model->doFindAll(0, 0)
 7 APPPATH\Models\Admin\MembresModel.php(34): CodeIgniter\BaseModel->findAll()
 8 APPPATH\Controllers\Admin\Membres.php(25): App\Models\Admin\MembresModel->getMembresWithRelations()
 9 SYSTEMPATH\CodeIgniter.php(933): App\Controllers\Admin\Membres->index()
10 SYSTEMPATH\CodeIgniter.php(507): CodeIgniter\CodeIgniter->runController(Object(App\Controllers\Admin\Membres))
11 SYSTEMPATH\CodeIgniter.php(354): CodeIgniter\CodeIgniter->handleRequest(null, Object(Config\Cache), false)
12 SYSTEMPATH\Boot.php(334): CodeIgniter\CodeIgniter->run()
13 SYSTEMPATH\Boot.php(67): CodeIgniter\Boot::runCodeIgniter(Object(CodeIgniter\CodeIgniter))
14 FCPATH\index.php(69): CodeIgniter\Boot::bootWeb(Object(Config\Paths))
DEBUG - 2026-02-05 10:57:53 --> Session: Class initialized using 'CodeIgniter\Session\Handlers\FileHandler' driver.
ERROR - 2026-02-05 10:57:53 --> mysqli_sql_exception: Expression #1 of ORDER BY clause is not in GROUP BY clause and contains nonaggregated column 'b13_39213320_dbpec.fonctions.titre' which is not functionally dependent on columns in GROUP BY clause; this is incompatible with sql_mode=only_full_group_by in C:\xampp\htdocs\www\Site-du-PEC\htdocs\system\Database\MySQLi\Connection.php:327
Stack trace:
#0 C:\xampp\htdocs\www\Site-du-PEC\htdocs\system\Database\MySQLi\Connection.php(327): mysqli->query('SELECT `membres...', 0)
#1 C:\xampp\htdocs\www\Site-du-PEC\htdocs\system\Database\BaseConnection.php(738): CodeIgniter\Database\MySQLi\Connection->execute('SELECT `membres...')
#2 C:\xampp\htdocs\www\Site-du-PEC\htdocs\system\Database\BaseConnection.php(652): CodeIgniter\Database\BaseConnection->simpleQuery('SELECT `membres...')
#3 C:\xampp\htdocs\www\Site-du-PEC\htdocs\system\Database\BaseBuilder.php(1649): CodeIgniter\Database\BaseConnection->query('SELECT `membres...', Array, false)
#4 C:\xampp\htdocs\www\Site-du-PEC\htdocs\system\Model.php(286): CodeIgniter\Database\BaseBuilder->get()
#5 C:\xampp\htdocs\www\Site-du-PEC\htdocs\system\BaseModel.php(679): CodeIgniter\Model->doFindAll(0, 0)
#6 C:\xampp\htdocs\www\Site-du-PEC\htdocs\app\Models\Admin\MembresModel.php(34): CodeIgniter\BaseModel->findAll()
#7 C:\xampp\htdocs\www\Site-du-PEC\htdocs\app\Controllers\Admin\Membres.php(25): App\Models\Admin\MembresModel->getMembresWithRelations()
#8 C:\xampp\htdocs\www\Site-du-PEC\htdocs\system\CodeIgniter.php(933): App\Controllers\Admin\Membres->index()
#9 C:\xampp\htdocs\www\Site-du-PEC\htdocs\system\CodeIgniter.php(507): CodeIgniter\CodeIgniter->runController(Object(App\Controllers\Admin\Membres))
#10 C:\xampp\htdocs\www\Site-du-PEC\htdocs\system\CodeIgniter.php(354): CodeIgniter\CodeIgniter->handleRequest(NULL, Object(Config\Cache), false)
#11 C:\xampp\htdocs\www\Site-du-PEC\htdocs\system\Boot.php(334): CodeIgniter\CodeIgniter->run()
#12 C:\xampp\htdocs\www\Site-du-PEC\htdocs\system\Boot.php(67): CodeIgniter\Boot::runCodeIgniter(Object(CodeIgniter\CodeIgniter))
#13 C:\xampp\htdocs\www\Site-du-PEC\htdocs\public\index.php(69): CodeIgniter\Boot::bootWeb(Object(Config\Paths))
#14 {main}
CRITICAL - 2026-02-05 10:57:53 --> CodeIgniter\Database\Exceptions\DatabaseException: Expression #1 of ORDER BY clause is not in GROUP BY clause and contains nonaggregated column 'b13_39213320_dbpec.fonctions.titre' which is not functionally dependent on columns in GROUP BY clause; this is incompatible with sql_mode=only_full_group_by
[Method: GET, Route: admin/membres]
in SYSTEMPATH\Database\BaseConnection.php on line 692.
 1 SYSTEMPATH\Database\BaseBuilder.php(1649): CodeIgniter\Database\BaseConnection->query('SELECT `membres`.*, `images`.`path` as `image_path`, `images`.`alt`, GROUP_CONCAT(fonctions.titre SEPARATOR ", ") as roles_string, GROUP_CONCAT(fonctions.id) as roles_ids
FROM `membres`
LEFT JOIN `images` ON `membres`.`image_id` = `images`.`id`
LEFT JOIN `membre_fonction` ON `membres`.`id` = `membre_fonction`.`membre_id`
LEFT JOIN `fonctions` ON `membre_fonction`.`fonction_id` = `fonctions`.`id`
GROUP BY `membres`.`id`
ORDER BY `fonctions`.`titre` ASC', [], false)
 2 SYSTEMPATH\Model.php(286): CodeIgniter\Database\BaseBuilder->get()
 3 SYSTEMPATH\BaseModel.php(679): CodeIgniter\Model->doFindAll(0, 0)
 4 APPPATH\Models\Admin\MembresModel.php(34): CodeIgniter\BaseModel->findAll()
 5 APPPATH\Controllers\Admin\Membres.php(25): App\Models\Admin\MembresModel->getMembresWithRelations()
 6 SYSTEMPATH\CodeIgniter.php(933): App\Controllers\Admin\Membres->index()
 7 SYSTEMPATH\CodeIgniter.php(507): CodeIgniter\CodeIgniter->runController(Object(App\Controllers\Admin\Membres))
 8 SYSTEMPATH\CodeIgniter.php(354): CodeIgniter\CodeIgniter->handleRequest(null, Object(Config\Cache), false)
 9 SYSTEMPATH\Boot.php(334): CodeIgniter\CodeIgniter->run()
10 SYSTEMPATH\Boot.php(67): CodeIgniter\Boot::runCodeIgniter(Object(CodeIgniter\CodeIgniter))
11 FCPATH\index.php(69): CodeIgniter\Boot::bootWeb(Object(Config\Paths))
CRITICAL - 2026-02-05 10:57:53 --> [Caused by] CodeIgniter\Database\Exceptions\DatabaseException: Expression #1 of ORDER BY clause is not in GROUP BY clause and contains nonaggregated column 'b13_39213320_dbpec.fonctions.titre' which is not functionally dependent on columns in GROUP BY clause; this is incompatible with sql_mode=only_full_group_by
in SYSTEMPATH\Database\MySQLi\Connection.php on line 332.
 1 SYSTEMPATH\Database\BaseConnection.php(738): CodeIgniter\Database\MySQLi\Connection->execute('SELECT `membres`.*, `images`.`path` as `image_path`, `images`.`alt`, GROUP_CONCAT(fonctions.titre SEPARATOR ", ") as roles_string, GROUP_CONCAT(fonctions.id) as roles_ids
FROM `membres`
LEFT JOIN `images` ON `membres`.`image_id` = `images`.`id`
LEFT JOIN `membre_fonction` ON `membres`.`id` = `membre_fonction`.`membre_id`
LEFT JOIN `fonctions` ON `membre_fonction`.`fonction_id` = `fonctions`.`id`
GROUP BY `membres`.`id`
ORDER BY `fonctions`.`titre` ASC')
 2 SYSTEMPATH\Database\BaseConnection.php(652): CodeIgniter\Database\BaseConnection->simpleQuery('SELECT `membres`.*, `images`.`path` as `image_path`, `images`.`alt`, GROUP_CONCAT(fonctions.titre SEPARATOR ", ") as roles_string, GROUP_CONCAT(fonctions.id) as roles_ids
FROM `membres`
LEFT JOIN `images` ON `membres`.`image_id` = `images`.`id`
LEFT JOIN `membre_fonction` ON `membres`.`id` = `membre_fonction`.`membre_id`
LEFT JOIN `fonctions` ON `membre_fonction`.`fonction_id` = `fonctions`.`id`
GROUP BY `membres`.`id`
ORDER BY `fonctions`.`titre` ASC')
 3 SYSTEMPATH\Database\BaseBuilder.php(1649): CodeIgniter\Database\BaseConnection->query('SELECT `membres`.*, `images`.`path` as `image_path`, `images`.`alt`, GROUP_CONCAT(fonctions.titre SEPARATOR ", ") as roles_string, GROUP_CONCAT(fonctions.id) as roles_ids
FROM `membres`
LEFT JOIN `images` ON `membres`.`image_id` = `images`.`id`
LEFT JOIN `membre_fonction` ON `membres`.`id` = `membre_fonction`.`membre_id`
LEFT JOIN `fonctions` ON `membre_fonction`.`fonction_id` = `fonctions`.`id`
GROUP BY `membres`.`id`
ORDER BY `fonctions`.`titre` ASC', [], false)
 4 SYSTEMPATH\Model.php(286): CodeIgniter\Database\BaseBuilder->get()
 5 SYSTEMPATH\BaseModel.php(679): CodeIgniter\Model->doFindAll(0, 0)
 6 APPPATH\Models\Admin\MembresModel.php(34): CodeIgniter\BaseModel->findAll()
 7 APPPATH\Controllers\Admin\Membres.php(25): App\Models\Admin\MembresModel->getMembresWithRelations()
 8 SYSTEMPATH\CodeIgniter.php(933): App\Controllers\Admin\Membres->index()
 9 SYSTEMPATH\CodeIgniter.php(507): CodeIgniter\CodeIgniter->runController(Object(App\Controllers\Admin\Membres))
10 SYSTEMPATH\CodeIgniter.php(354): CodeIgniter\CodeIgniter->handleRequest(null, Object(Config\Cache), false)
11 SYSTEMPATH\Boot.php(334): CodeIgniter\CodeIgniter->run()
12 SYSTEMPATH\Boot.php(67): CodeIgniter\Boot::runCodeIgniter(Object(CodeIgniter\CodeIgniter))
13 FCPATH\index.php(69): CodeIgniter\Boot::bootWeb(Object(Config\Paths))
CRITICAL - 2026-02-05 10:57:53 --> [Caused by] mysqli_sql_exception: Expression #1 of ORDER BY clause is not in GROUP BY clause and contains nonaggregated column 'b13_39213320_dbpec.fonctions.titre' which is not functionally dependent on columns in GROUP BY clause; this is incompatible with sql_mode=only_full_group_by
in SYSTEMPATH\Database\MySQLi\Connection.php on line 327.
 1 SYSTEMPATH\Database\MySQLi\Connection.php(327): mysqli->query('SELECT `membres`.*, `images`.`path` as `image_path`, `images`.`alt`, GROUP_CONCAT(fonctions.titre SEPARATOR ", ") as roles_string, GROUP_CONCAT(fonctions.id) as roles_ids
FROM `membres`
LEFT JOIN `images` ON `membres`.`image_id` = `images`.`id`
LEFT JOIN `membre_fonction` ON `membres`.`id` = `membre_fonction`.`membre_id`
LEFT JOIN `fonctions` ON `membre_fonction`.`fonction_id` = `fonctions`.`id`
GROUP BY `membres`.`id`
ORDER BY `fonctions`.`titre` ASC', 0)
 2 SYSTEMPATH\Database\BaseConnection.php(738): CodeIgniter\Database\MySQLi\Connection->execute('SELECT `membres`.*, `images`.`path` as `image_path`, `images`.`alt`, GROUP_CONCAT(fonctions.titre SEPARATOR ", ") as roles_string, GROUP_CONCAT(fonctions.id) as roles_ids
FROM `membres`
LEFT JOIN `images` ON `membres`.`image_id` = `images`.`id`
LEFT JOIN `membre_fonction` ON `membres`.`id` = `membre_fonction`.`membre_id`
LEFT JOIN `fonctions` ON `membre_fonction`.`fonction_id` = `fonctions`.`id`
GROUP BY `membres`.`id`
ORDER BY `fonctions`.`titre` ASC')
 3 SYSTEMPATH\Database\BaseConnection.php(652): CodeIgniter\Database\BaseConnection->simpleQuery('SELECT `membres`.*, `images`.`path` as `image_path`, `images`.`alt`, GROUP_CONCAT(fonctions.titre SEPARATOR ", ") as roles_string, GROUP_CONCAT(fonctions.id) as roles_ids
FROM `membres`
LEFT JOIN `images` ON `membres`.`image_id` = `images`.`id`
LEFT JOIN `membre_fonction` ON `membres`.`id` = `membre_fonction`.`membre_id`
LEFT JOIN `fonctions` ON `membre_fonction`.`fonction_id` = `fonctions`.`id`
GROUP BY `membres`.`id`
ORDER BY `fonctions`.`titre` ASC')
 4 SYSTEMPATH\Database\BaseBuilder.php(1649): CodeIgniter\Database\BaseConnection->query('SELECT `membres`.*, `images`.`path` as `image_path`, `images`.`alt`, GROUP_CONCAT(fonctions.titre SEPARATOR ", ") as roles_string, GROUP_CONCAT(fonctions.id) as roles_ids
FROM `membres`
LEFT JOIN `images` ON `membres`.`image_id` = `images`.`id`
LEFT JOIN `membre_fonction` ON `membres`.`id` = `membre_fonction`.`membre_id`
LEFT JOIN `fonctions` ON `membre_fonction`.`fonction_id` = `fonctions`.`id`
GROUP BY `membres`.`id`
ORDER BY `fonctions`.`titre` ASC', [], false)
 5 SYSTEMPATH\Model.php(286): CodeIgniter\Database\BaseBuilder->get()
 6 SYSTEMPATH\BaseModel.php(679): CodeIgniter\Model->doFindAll(0, 0)
 7 APPPATH\Models\Admin\MembresModel.php(34): CodeIgniter\BaseModel->findAll()
 8 APPPATH\Controllers\Admin\Membres.php(25): App\Models\Admin\MembresModel->getMembresWithRelations()
 9 SYSTEMPATH\CodeIgniter.php(933): App\Controllers\Admin\Membres->index()
10 SYSTEMPATH\CodeIgniter.php(507): CodeIgniter\CodeIgniter->runController(Object(App\Controllers\Admin\Membres))
11 SYSTEMPATH\CodeIgniter.php(354): CodeIgniter\CodeIgniter->handleRequest(null, Object(Config\Cache), false)
12 SYSTEMPATH\Boot.php(334): CodeIgniter\CodeIgniter->run()
13 SYSTEMPATH\Boot.php(67): CodeIgniter\Boot::runCodeIgniter(Object(CodeIgniter\CodeIgniter))
14 FCPATH\index.php(69): CodeIgniter\Boot::bootWeb(Object(Config\Paths))
DEBUG - 2026-02-05 10:57:54 --> Session: Class initialized using 'CodeIgniter\Session\Handlers\FileHandler' driver.
ERROR - 2026-02-05 10:57:54 --> mysqli_sql_exception: Expression #1 of ORDER BY clause is not in GROUP BY clause and contains nonaggregated column 'b13_39213320_dbpec.fonctions.titre' which is not functionally dependent on columns in GROUP BY clause; this is incompatible with sql_mode=only_full_group_by in C:\xampp\htdocs\www\Site-du-PEC\htdocs\system\Database\MySQLi\Connection.php:327
Stack trace:
#0 C:\xampp\htdocs\www\Site-du-PEC\htdocs\system\Database\MySQLi\Connection.php(327): mysqli->query('SELECT `membres...', 0)
#1 C:\xampp\htdocs\www\Site-du-PEC\htdocs\system\Database\BaseConnection.php(738): CodeIgniter\Database\MySQLi\Connection->execute('SELECT `membres...')
#2 C:\xampp\htdocs\www\Site-du-PEC\htdocs\system\Database\BaseConnection.php(652): CodeIgniter\Database\BaseConnection->simpleQuery('SELECT `membres...')
#3 C:\xampp\htdocs\www\Site-du-PEC\htdocs\system\Database\BaseBuilder.php(1649): CodeIgniter\Database\BaseConnection->query('SELECT `membres...', Array, false)
#4 C:\xampp\htdocs\www\Site-du-PEC\htdocs\system\Model.php(286): CodeIgniter\Database\BaseBuilder->get()
#5 C:\xampp\htdocs\www\Site-du-PEC\htdocs\system\BaseModel.php(679): CodeIgniter\Model->doFindAll(0, 0)
#6 C:\xampp\htdocs\www\Site-du-PEC\htdocs\app\Models\Admin\MembresModel.php(34): CodeIgniter\BaseModel->findAll()
#7 C:\xampp\htdocs\www\Site-du-PEC\htdocs\app\Controllers\Admin\Membres.php(25): App\Models\Admin\MembresModel->getMembresWithRelations()
#8 C:\xampp\htdocs\www\Site-du-PEC\htdocs\system\CodeIgniter.php(933): App\Controllers\Admin\Membres->index()
#9 C:\xampp\htdocs\www\Site-du-PEC\htdocs\system\CodeIgniter.php(507): CodeIgniter\CodeIgniter->runController(Object(App\Controllers\Admin\Membres))
#10 C:\xampp\htdocs\www\Site-du-PEC\htdocs\system\CodeIgniter.php(354): CodeIgniter\CodeIgniter->handleRequest(NULL, Object(Config\Cache), false)
#11 C:\xampp\htdocs\www\Site-du-PEC\htdocs\system\Boot.php(334): CodeIgniter\CodeIgniter->run()
#12 C:\xampp\htdocs\www\Site-du-PEC\htdocs\system\Boot.php(67): CodeIgniter\Boot::runCodeIgniter(Object(CodeIgniter\CodeIgniter))
#13 C:\xampp\htdocs\www\Site-du-PEC\htdocs\public\index.php(69): CodeIgniter\Boot::bootWeb(Object(Config\Paths))
#14 {main}
CRITICAL - 2026-02-05 10:57:54 --> CodeIgniter\Database\Exceptions\DatabaseException: Expression #1 of ORDER BY clause is not in GROUP BY clause and contains nonaggregated column 'b13_39213320_dbpec.fonctions.titre' which is not functionally dependent on columns in GROUP BY clause; this is incompatible with sql_mode=only_full_group_by
[Method: GET, Route: admin/membres]
in SYSTEMPATH\Database\BaseConnection.php on line 692.
 1 SYSTEMPATH\Database\BaseBuilder.php(1649): CodeIgniter\Database\BaseConnection->query('SELECT `membres`.*, `images`.`path` as `image_path`, `images`.`alt`, GROUP_CONCAT(fonctions.titre SEPARATOR ", ") as roles_string, GROUP_CONCAT(fonctions.id) as roles_ids
FROM `membres`
LEFT JOIN `images` ON `membres`.`image_id` = `images`.`id`
LEFT JOIN `membre_fonction` ON `membres`.`id` = `membre_fonction`.`membre_id`
LEFT JOIN `fonctions` ON `membre_fonction`.`fonction_id` = `fonctions`.`id`
GROUP BY `membres`.`id`
ORDER BY `fonctions`.`titre` ASC', [], false)
 2 SYSTEMPATH\Model.php(286): CodeIgniter\Database\BaseBuilder->get()
 3 SYSTEMPATH\BaseModel.php(679): CodeIgniter\Model->doFindAll(0, 0)
 4 APPPATH\Models\Admin\MembresModel.php(34): CodeIgniter\BaseModel->findAll()
 5 APPPATH\Controllers\Admin\Membres.php(25): App\Models\Admin\MembresModel->getMembresWithRelations()
 6 SYSTEMPATH\CodeIgniter.php(933): App\Controllers\Admin\Membres->index()
 7 SYSTEMPATH\CodeIgniter.php(507): CodeIgniter\CodeIgniter->runController(Object(App\Controllers\Admin\Membres))
 8 SYSTEMPATH\CodeIgniter.php(354): CodeIgniter\CodeIgniter->handleRequest(null, Object(Config\Cache), false)
 9 SYSTEMPATH\Boot.php(334): CodeIgniter\CodeIgniter->run()
10 SYSTEMPATH\Boot.php(67): CodeIgniter\Boot::runCodeIgniter(Object(CodeIgniter\CodeIgniter))
11 FCPATH\index.php(69): CodeIgniter\Boot::bootWeb(Object(Config\Paths))
CRITICAL - 2026-02-05 10:57:54 --> [Caused by] CodeIgniter\Database\Exceptions\DatabaseException: Expression #1 of ORDER BY clause is not in GROUP BY clause and contains nonaggregated column 'b13_39213320_dbpec.fonctions.titre' which is not functionally dependent on columns in GROUP BY clause; this is incompatible with sql_mode=only_full_group_by
in SYSTEMPATH\Database\MySQLi\Connection.php on line 332.
 1 SYSTEMPATH\Database\BaseConnection.php(738): CodeIgniter\Database\MySQLi\Connection->execute('SELECT `membres`.*, `images`.`path` as `image_path`, `images`.`alt`, GROUP_CONCAT(fonctions.titre SEPARATOR ", ") as roles_string, GROUP_CONCAT(fonctions.id) as roles_ids
FROM `membres`
LEFT JOIN `images` ON `membres`.`image_id` = `images`.`id`
LEFT JOIN `membre_fonction` ON `membres`.`id` = `membre_fonction`.`membre_id`
LEFT JOIN `fonctions` ON `membre_fonction`.`fonction_id` = `fonctions`.`id`
GROUP BY `membres`.`id`
ORDER BY `fonctions`.`titre` ASC')
 2 SYSTEMPATH\Database\BaseConnection.php(652): CodeIgniter\Database\BaseConnection->simpleQuery('SELECT `membres`.*, `images`.`path` as `image_path`, `images`.`alt`, GROUP_CONCAT(fonctions.titre SEPARATOR ", ") as roles_string, GROUP_CONCAT(fonctions.id) as roles_ids
FROM `membres`
LEFT JOIN `images` ON `membres`.`image_id` = `images`.`id`
LEFT JOIN `membre_fonction` ON `membres`.`id` = `membre_fonction`.`membre_id`
LEFT JOIN `fonctions` ON `membre_fonction`.`fonction_id` = `fonctions`.`id`
GROUP BY `membres`.`id`
ORDER BY `fonctions`.`titre` ASC')
 3 SYSTEMPATH\Database\BaseBuilder.php(1649): CodeIgniter\Database\BaseConnection->query('SELECT `membres`.*, `images`.`path` as `image_path`, `images`.`alt`, GROUP_CONCAT(fonctions.titre SEPARATOR ", ") as roles_string, GROUP_CONCAT(fonctions.id) as roles_ids
FROM `membres`
LEFT JOIN `images` ON `membres`.`image_id` = `images`.`id`
LEFT JOIN `membre_fonction` ON `membres`.`id` = `membre_fonction`.`membre_id`
LEFT JOIN `fonctions` ON `membre_fonction`.`fonction_id` = `fonctions`.`id`
GROUP BY `membres`.`id`
ORDER BY `fonctions`.`titre` ASC', [], false)
 4 SYSTEMPATH\Model.php(286): CodeIgniter\Database\BaseBuilder->get()
 5 SYSTEMPATH\BaseModel.php(679): CodeIgniter\Model->doFindAll(0, 0)
 6 APPPATH\Models\Admin\MembresModel.php(34): CodeIgniter\BaseModel->findAll()
 7 APPPATH\Controllers\Admin\Membres.php(25): App\Models\Admin\MembresModel->getMembresWithRelations()
 8 SYSTEMPATH\CodeIgniter.php(933): App\Controllers\Admin\Membres->index()
 9 SYSTEMPATH\CodeIgniter.php(507): CodeIgniter\CodeIgniter->runController(Object(App\Controllers\Admin\Membres))
10 SYSTEMPATH\CodeIgniter.php(354): CodeIgniter\CodeIgniter->handleRequest(null, Object(Config\Cache), false)
11 SYSTEMPATH\Boot.php(334): CodeIgniter\CodeIgniter->run()
12 SYSTEMPATH\Boot.php(67): CodeIgniter\Boot::runCodeIgniter(Object(CodeIgniter\CodeIgniter))
13 FCPATH\index.php(69): CodeIgniter\Boot::bootWeb(Object(Config\Paths))
CRITICAL - 2026-02-05 10:57:54 --> [Caused by] mysqli_sql_exception: Expression #1 of ORDER BY clause is not in GROUP BY clause and contains nonaggregated column 'b13_39213320_dbpec.fonctions.titre' which is not functionally dependent on columns in GROUP BY clause; this is incompatible with sql_mode=only_full_group_by
in SYSTEMPATH\Database\MySQLi\Connection.php on line 327.
 1 SYSTEMPATH\Database\MySQLi\Connection.php(327): mysqli->query('SELECT `membres`.*, `images`.`path` as `image_path`, `images`.`alt`, GROUP_CONCAT(fonctions.titre SEPARATOR ", ") as roles_string, GROUP_CONCAT(fonctions.id) as roles_ids
FROM `membres`
LEFT JOIN `images` ON `membres`.`image_id` = `images`.`id`
LEFT JOIN `membre_fonction` ON `membres`.`id` = `membre_fonction`.`membre_id`
LEFT JOIN `fonctions` ON `membre_fonction`.`fonction_id` = `fonctions`.`id`
GROUP BY `membres`.`id`
ORDER BY `fonctions`.`titre` ASC', 0)
 2 SYSTEMPATH\Database\BaseConnection.php(738): CodeIgniter\Database\MySQLi\Connection->execute('SELECT `membres`.*, `images`.`path` as `image_path`, `images`.`alt`, GROUP_CONCAT(fonctions.titre SEPARATOR ", ") as roles_string, GROUP_CONCAT(fonctions.id) as roles_ids
FROM `membres`
LEFT JOIN `images` ON `membres`.`image_id` = `images`.`id`
LEFT JOIN `membre_fonction` ON `membres`.`id` = `membre_fonction`.`membre_id`
LEFT JOIN `fonctions` ON `membre_fonction`.`fonction_id` = `fonctions`.`id`
GROUP BY `membres`.`id`
ORDER BY `fonctions`.`titre` ASC')
 3 SYSTEMPATH\Database\BaseConnection.php(652): CodeIgniter\Database\BaseConnection->simpleQuery('SELECT `membres`.*, `images`.`path` as `image_path`, `images`.`alt`, GROUP_CONCAT(fonctions.titre SEPARATOR ", ") as roles_string, GROUP_CONCAT(fonctions.id) as roles_ids
FROM `membres`
LEFT JOIN `images` ON `membres`.`image_id` = `images`.`id`
LEFT JOIN `membre_fonction` ON `membres`.`id` = `membre_fonction`.`membre_id`
LEFT JOIN `fonctions` ON `membre_fonction`.`fonction_id` = `fonctions`.`id`
GROUP BY `membres`.`id`
ORDER BY `fonctions`.`titre` ASC')
 4 SYSTEMPATH\Database\BaseBuilder.php(1649): CodeIgniter\Database\BaseConnection->query('SELECT `membres`.*, `images`.`path` as `image_path`, `images`.`alt`, GROUP_CONCAT(fonctions.titre SEPARATOR ", ") as roles_string, GROUP_CONCAT(fonctions.id) as roles_ids
FROM `membres`
LEFT JOIN `images` ON `membres`.`image_id` = `images`.`id`
LEFT JOIN `membre_fonction` ON `membres`.`id` = `membre_fonction`.`membre_id`
LEFT JOIN `fonctions` ON `membre_fonction`.`fonction_id` = `fonctions`.`id`
GROUP BY `membres`.`id`
ORDER BY `fonctions`.`titre` ASC', [], false)
 5 SYSTEMPATH\Model.php(286): CodeIgniter\Database\BaseBuilder->get()
 6 SYSTEMPATH\BaseModel.php(679): CodeIgniter\Model->doFindAll(0, 0)
 7 APPPATH\Models\Admin\MembresModel.php(34): CodeIgniter\BaseModel->findAll()
 8 APPPATH\Controllers\Admin\Membres.php(25): App\Models\Admin\MembresModel->getMembresWithRelations()
 9 SYSTEMPATH\CodeIgniter.php(933): App\Controllers\Admin\Membres->index()
10 SYSTEMPATH\CodeIgniter.php(507): CodeIgniter\CodeIgniter->runController(Object(App\Controllers\Admin\Membres))
11 SYSTEMPATH\CodeIgniter.php(354): CodeIgniter\CodeIgniter->handleRequest(null, Object(Config\Cache), false)
12 SYSTEMPATH\Boot.php(334): CodeIgniter\CodeIgniter->run()
13 SYSTEMPATH\Boot.php(67): CodeIgniter\Boot::runCodeIgniter(Object(CodeIgniter\CodeIgniter))
14 FCPATH\index.php(69): CodeIgniter\Boot::bootWeb(Object(Config\Paths))
DEBUG - 2026-02-05 10:57:54 --> Session: Class initialized using 'CodeIgniter\Session\Handlers\FileHandler' driver.
ERROR - 2026-02-05 10:57:54 --> mysqli_sql_exception: Expression #1 of ORDER BY clause is not in GROUP BY clause and contains nonaggregated column 'b13_39213320_dbpec.fonctions.titre' which is not functionally dependent on columns in GROUP BY clause; this is incompatible with sql_mode=only_full_group_by in C:\xampp\htdocs\www\Site-du-PEC\htdocs\system\Database\MySQLi\Connection.php:327
Stack trace:
#0 C:\xampp\htdocs\www\Site-du-PEC\htdocs\system\Database\MySQLi\Connection.php(327): mysqli->query('SELECT `membres...', 0)
#1 C:\xampp\htdocs\www\Site-du-PEC\htdocs\system\Database\BaseConnection.php(738): CodeIgniter\Database\MySQLi\Connection->execute('SELECT `membres...')
#2 C:\xampp\htdocs\www\Site-du-PEC\htdocs\system\Database\BaseConnection.php(652): CodeIgniter\Database\BaseConnection->simpleQuery('SELECT `membres...')
#3 C:\xampp\htdocs\www\Site-du-PEC\htdocs\system\Database\BaseBuilder.php(1649): CodeIgniter\Database\BaseConnection->query('SELECT `membres...', Array, false)
#4 C:\xampp\htdocs\www\Site-du-PEC\htdocs\system\Model.php(286): CodeIgniter\Database\BaseBuilder->get()
#5 C:\xampp\htdocs\www\Site-du-PEC\htdocs\system\BaseModel.php(679): CodeIgniter\Model->doFindAll(0, 0)
#6 C:\xampp\htdocs\www\Site-du-PEC\htdocs\app\Models\Admin\MembresModel.php(34): CodeIgniter\BaseModel->findAll()
#7 C:\xampp\htdocs\www\Site-du-PEC\htdocs\app\Controllers\Admin\Membres.php(25): App\Models\Admin\MembresModel->getMembresWithRelations()
#8 C:\xampp\htdocs\www\Site-du-PEC\htdocs\system\CodeIgniter.php(933): App\Controllers\Admin\Membres->index()
#9 C:\xampp\htdocs\www\Site-du-PEC\htdocs\system\CodeIgniter.php(507): CodeIgniter\CodeIgniter->runController(Object(App\Controllers\Admin\Membres))
#10 C:\xampp\htdocs\www\Site-du-PEC\htdocs\system\CodeIgniter.php(354): CodeIgniter\CodeIgniter->handleRequest(NULL, Object(Config\Cache), false)
#11 C:\xampp\htdocs\www\Site-du-PEC\htdocs\system\Boot.php(334): CodeIgniter\CodeIgniter->run()
#12 C:\xampp\htdocs\www\Site-du-PEC\htdocs\system\Boot.php(67): CodeIgniter\Boot::runCodeIgniter(Object(CodeIgniter\CodeIgniter))
#13 C:\xampp\htdocs\www\Site-du-PEC\htdocs\public\index.php(69): CodeIgniter\Boot::bootWeb(Object(Config\Paths))
#14 {main}
CRITICAL - 2026-02-05 10:57:54 --> CodeIgniter\Database\Exceptions\DatabaseException: Expression #1 of ORDER BY clause is not in GROUP BY clause and contains nonaggregated column 'b13_39213320_dbpec.fonctions.titre' which is not functionally dependent on columns in GROUP BY clause; this is incompatible with sql_mode=only_full_group_by
[Method: GET, Route: admin/membres]
in SYSTEMPATH\Database\BaseConnection.php on line 692.
 1 SYSTEMPATH\Database\BaseBuilder.php(1649): CodeIgniter\Database\BaseConnection->query('SELECT `membres`.*, `images`.`path` as `image_path`, `images`.`alt`, GROUP_CONCAT(fonctions.titre SEPARATOR ", ") as roles_string, GROUP_CONCAT(fonctions.id) as roles_ids
FROM `membres`
LEFT JOIN `images` ON `membres`.`image_id` = `images`.`id`
LEFT JOIN `membre_fonction` ON `membres`.`id` = `membre_fonction`.`membre_id`
LEFT JOIN `fonctions` ON `membre_fonction`.`fonction_id` = `fonctions`.`id`
GROUP BY `membres`.`id`
ORDER BY `fonctions`.`titre` ASC', [], false)
 2 SYSTEMPATH\Model.php(286): CodeIgniter\Database\BaseBuilder->get()
 3 SYSTEMPATH\BaseModel.php(679): CodeIgniter\Model->doFindAll(0, 0)
 4 APPPATH\Models\Admin\MembresModel.php(34): CodeIgniter\BaseModel->findAll()
 5 APPPATH\Controllers\Admin\Membres.php(25): App\Models\Admin\MembresModel->getMembresWithRelations()
 6 SYSTEMPATH\CodeIgniter.php(933): App\Controllers\Admin\Membres->index()
 7 SYSTEMPATH\CodeIgniter.php(507): CodeIgniter\CodeIgniter->runController(Object(App\Controllers\Admin\Membres))
 8 SYSTEMPATH\CodeIgniter.php(354): CodeIgniter\CodeIgniter->handleRequest(null, Object(Config\Cache), false)
 9 SYSTEMPATH\Boot.php(334): CodeIgniter\CodeIgniter->run()
10 SYSTEMPATH\Boot.php(67): CodeIgniter\Boot::runCodeIgniter(Object(CodeIgniter\CodeIgniter))
11 FCPATH\index.php(69): CodeIgniter\Boot::bootWeb(Object(Config\Paths))
CRITICAL - 2026-02-05 10:57:54 --> [Caused by] CodeIgniter\Database\Exceptions\DatabaseException: Expression #1 of ORDER BY clause is not in GROUP BY clause and contains nonaggregated column 'b13_39213320_dbpec.fonctions.titre' which is not functionally dependent on columns in GROUP BY clause; this is incompatible with sql_mode=only_full_group_by
in SYSTEMPATH\Database\MySQLi\Connection.php on line 332.
 1 SYSTEMPATH\Database\BaseConnection.php(738): CodeIgniter\Database\MySQLi\Connection->execute('SELECT `membres`.*, `images`.`path` as `image_path`, `images`.`alt`, GROUP_CONCAT(fonctions.titre SEPARATOR ", ") as roles_string, GROUP_CONCAT(fonctions.id) as roles_ids
FROM `membres`
LEFT JOIN `images` ON `membres`.`image_id` = `images`.`id`
LEFT JOIN `membre_fonction` ON `membres`.`id` = `membre_fonction`.`membre_id`
LEFT JOIN `fonctions` ON `membre_fonction`.`fonction_id` = `fonctions`.`id`
GROUP BY `membres`.`id`
ORDER BY `fonctions`.`titre` ASC')
 2 SYSTEMPATH\Database\BaseConnection.php(652): CodeIgniter\Database\BaseConnection->simpleQuery('SELECT `membres`.*, `images`.`path` as `image_path`, `images`.`alt`, GROUP_CONCAT(fonctions.titre SEPARATOR ", ") as roles_string, GROUP_CONCAT(fonctions.id) as roles_ids
FROM `membres`
LEFT JOIN `images` ON `membres`.`image_id` = `images`.`id`
LEFT JOIN `membre_fonction` ON `membres`.`id` = `membre_fonction`.`membre_id`
LEFT JOIN `fonctions` ON `membre_fonction`.`fonction_id` = `fonctions`.`id`
GROUP BY `membres`.`id`
ORDER BY `fonctions`.`titre` ASC')
 3 SYSTEMPATH\Database\BaseBuilder.php(1649): CodeIgniter\Database\BaseConnection->query('SELECT `membres`.*, `images`.`path` as `image_path`, `images`.`alt`, GROUP_CONCAT(fonctions.titre SEPARATOR ", ") as roles_string, GROUP_CONCAT(fonctions.id) as roles_ids
FROM `membres`
LEFT JOIN `images` ON `membres`.`image_id` = `images`.`id`
LEFT JOIN `membre_fonction` ON `membres`.`id` = `membre_fonction`.`membre_id`
LEFT JOIN `fonctions` ON `membre_fonction`.`fonction_id` = `fonctions`.`id`
GROUP BY `membres`.`id`
ORDER BY `fonctions`.`titre` ASC', [], false)
 4 SYSTEMPATH\Model.php(286): CodeIgniter\Database\BaseBuilder->get()
 5 SYSTEMPATH\BaseModel.php(679): CodeIgniter\Model->doFindAll(0, 0)
 6 APPPATH\Models\Admin\MembresModel.php(34): CodeIgniter\BaseModel->findAll()
 7 APPPATH\Controllers\Admin\Membres.php(25): App\Models\Admin\MembresModel->getMembresWithRelations()
 8 SYSTEMPATH\CodeIgniter.php(933): App\Controllers\Admin\Membres->index()
 9 SYSTEMPATH\CodeIgniter.php(507): CodeIgniter\CodeIgniter->runController(Object(App\Controllers\Admin\Membres))
10 SYSTEMPATH\CodeIgniter.php(354): CodeIgniter\CodeIgniter->handleRequest(null, Object(Config\Cache), false)
11 SYSTEMPATH\Boot.php(334): CodeIgniter\CodeIgniter->run()
12 SYSTEMPATH\Boot.php(67): CodeIgniter\Boot::runCodeIgniter(Object(CodeIgniter\CodeIgniter))
13 FCPATH\index.php(69): CodeIgniter\Boot::bootWeb(Object(Config\Paths))
CRITICAL - 2026-02-05 10:57:54 --> [Caused by] mysqli_sql_exception: Expression #1 of ORDER BY clause is not in GROUP BY clause and contains nonaggregated column 'b13_39213320_dbpec.fonctions.titre' which is not functionally dependent on columns in GROUP BY clause; this is incompatible with sql_mode=only_full_group_by
in SYSTEMPATH\Database\MySQLi\Connection.php on line 327.
 1 SYSTEMPATH\Database\MySQLi\Connection.php(327): mysqli->query('SELECT `membres`.*, `images`.`path` as `image_path`, `images`.`alt`, GROUP_CONCAT(fonctions.titre SEPARATOR ", ") as roles_string, GROUP_CONCAT(fonctions.id) as roles_ids
FROM `membres`
LEFT JOIN `images` ON `membres`.`image_id` = `images`.`id`
LEFT JOIN `membre_fonction` ON `membres`.`id` = `membre_fonction`.`membre_id`
LEFT JOIN `fonctions` ON `membre_fonction`.`fonction_id` = `fonctions`.`id`
GROUP BY `membres`.`id`
ORDER BY `fonctions`.`titre` ASC', 0)
 2 SYSTEMPATH\Database\BaseConnection.php(738): CodeIgniter\Database\MySQLi\Connection->execute('SELECT `membres`.*, `images`.`path` as `image_path`, `images`.`alt`, GROUP_CONCAT(fonctions.titre SEPARATOR ", ") as roles_string, GROUP_CONCAT(fonctions.id) as roles_ids
FROM `membres`
LEFT JOIN `images` ON `membres`.`image_id` = `images`.`id`
LEFT JOIN `membre_fonction` ON `membres`.`id` = `membre_fonction`.`membre_id`
LEFT JOIN `fonctions` ON `membre_fonction`.`fonction_id` = `fonctions`.`id`
GROUP BY `membres`.`id`
ORDER BY `fonctions`.`titre` ASC')
 3 SYSTEMPATH\Database\BaseConnection.php(652): CodeIgniter\Database\BaseConnection->simpleQuery('SELECT `membres`.*, `images`.`path` as `image_path`, `images`.`alt`, GROUP_CONCAT(fonctions.titre SEPARATOR ", ") as roles_string, GROUP_CONCAT(fonctions.id) as roles_ids
FROM `membres`
LEFT JOIN `images` ON `membres`.`image_id` = `images`.`id`
LEFT JOIN `membre_fonction` ON `membres`.`id` = `membre_fonction`.`membre_id`
LEFT JOIN `fonctions` ON `membre_fonction`.`fonction_id` = `fonctions`.`id`
GROUP BY `membres`.`id`
ORDER BY `fonctions`.`titre` ASC')
 4 SYSTEMPATH\Database\BaseBuilder.php(1649): CodeIgniter\Database\BaseConnection->query('SELECT `membres`.*, `images`.`path` as `image_path`, `images`.`alt`, GROUP_CONCAT(fonctions.titre SEPARATOR ", ") as roles_string, GROUP_CONCAT(fonctions.id) as roles_ids
FROM `membres`
LEFT JOIN `images` ON `membres`.`image_id` = `images`.`id`
LEFT JOIN `membre_fonction` ON `membres`.`id` = `membre_fonction`.`membre_id`
LEFT JOIN `fonctions` ON `membre_fonction`.`fonction_id` = `fonctions`.`id`
GROUP BY `membres`.`id`
ORDER BY `fonctions`.`titre` ASC', [], false)
 5 SYSTEMPATH\Model.php(286): CodeIgniter\Database\BaseBuilder->get()
 6 SYSTEMPATH\BaseModel.php(679): CodeIgniter\Model->doFindAll(0, 0)
 7 APPPATH\Models\Admin\MembresModel.php(34): CodeIgniter\BaseModel->findAll()
 8 APPPATH\Controllers\Admin\Membres.php(25): App\Models\Admin\MembresModel->getMembresWithRelations()
 9 SYSTEMPATH\CodeIgniter.php(933): App\Controllers\Admin\Membres->index()
10 SYSTEMPATH\CodeIgniter.php(507): CodeIgniter\CodeIgniter->runController(Object(App\Controllers\Admin\Membres))
11 SYSTEMPATH\CodeIgniter.php(354): CodeIgniter\CodeIgniter->handleRequest(null, Object(Config\Cache), false)
12 SYSTEMPATH\Boot.php(334): CodeIgniter\CodeIgniter->run()
13 SYSTEMPATH\Boot.php(67): CodeIgniter\Boot::runCodeIgniter(Object(CodeIgniter\CodeIgniter))
14 FCPATH\index.php(69): CodeIgniter\Boot::bootWeb(Object(Config\Paths))
DEBUG - 2026-02-05 10:58:53 --> Session: Class initialized using 'CodeIgniter\Session\Handlers\FileHandler' driver.
DEBUG - 2026-02-05 10:59:33 --> Session: Class initialized using 'CodeIgniter\Session\Handlers\FileHandler' driver.
DEBUG - 2026-02-05 10:59:34 --> Session: Class initialized using 'CodeIgniter\Session\Handlers\FileHandler' driver.
DEBUG - 2026-02-05 10:59:43 --> Session: Class initialized using 'CodeIgniter\Session\Handlers\FileHandler' driver.
DEBUG - 2026-02-05 10:59:49 --> Session: Class initialized using 'CodeIgniter\Session\Handlers\FileHandler' driver.
DEBUG - 2026-02-05 11:00:28 --> Session: Class initialized using 'CodeIgniter\Session\Handlers\FileHandler' driver.
DEBUG - 2026-02-05 11:00:51 --> Session: Class initialized using 'CodeIgniter\Session\Handlers\FileHandler' driver.
DEBUG - 2026-02-05 11:05:20 --> Session: Class initialized using 'CodeIgniter\Session\Handlers\FileHandler' driver.
DEBUG - 2026-02-05 11:05:42 --> Session: Class initialized using 'CodeIgniter\Session\Handlers\FileHandler' driver.
DEBUG - 2026-02-05 11:06:07 --> Session: Class initialized using 'CodeIgniter\Session\Handlers\FileHandler' driver.
DEBUG - 2026-02-05 11:06:46 --> Session: Class initialized using 'CodeIgniter\Session\Handlers\FileHandler' driver.
DEBUG - 2026-02-05 11:06:54 --> Session: Class initialized using 'CodeIgniter\Session\Handlers\FileHandler' driver.
DEBUG - 2026-02-05 11:06:55 --> Session: Class initialized using 'CodeIgniter\Session\Handlers\FileHandler' driver.
DEBUG - 2026-02-05 11:07:03 --> Session: Class initialized using 'CodeIgniter\Session\Handlers\FileHandler' driver.
DEBUG - 2026-02-05 11:07:10 --> Session: Class initialized using 'CodeIgniter\Session\Handlers\FileHandler' driver.
DEBUG - 2026-02-05 11:07:10 --> Session: Class initialized using 'CodeIgniter\Session\Handlers\FileHandler' driver.
DEBUG - 2026-02-05 11:07:25 --> Session: Class initialized using 'CodeIgniter\Session\Handlers\FileHandler' driver.
DEBUG - 2026-02-05 11:07:34 --> Session: Class initialized using 'CodeIgniter\Session\Handlers\FileHandler' driver.
DEBUG - 2026-02-05 11:07:37 --> Session: Class initialized using 'CodeIgniter\Session\Handlers\FileHandler' driver.
DEBUG - 2026-02-05 11:07:46 --> Session: Class initialized using 'CodeIgniter\Session\Handlers\FileHandler' driver.
DEBUG - 2026-02-05 11:07:54 --> Session: Class initialized using 'CodeIgniter\Session\Handlers\FileHandler' driver.
DEBUG - 2026-02-05 11:08:03 --> Session: Class initialized using 'CodeIgniter\Session\Handlers\FileHandler' driver.
DEBUG - 2026-02-05 11:08:03 --> Session: Class initialized using 'CodeIgniter\Session\Handlers\FileHandler' driver.
DEBUG - 2026-02-05 11:08:44 --> Session: Class initialized using 'CodeIgniter\Session\Handlers\FileHandler' driver.
DEBUG - 2026-02-05 11:08:47 --> Session: Class initialized using 'CodeIgniter\Session\Handlers\FileHandler' driver.
DEBUG - 2026-02-05 11:08:48 --> Session: Class initialized using 'CodeIgniter\Session\Handlers\FileHandler' driver.
DEBUG - 2026-02-05 11:08:50 --> Session: Class initialized using 'CodeIgniter\Session\Handlers\FileHandler' driver.
DEBUG - 2026-02-05 11:08:56 --> Session: Class initialized using 'CodeIgniter\Session\Handlers\FileHandler' driver.
DEBUG - 2026-02-05 11:08:56 --> Session: Class initialized using 'CodeIgniter\Session\Handlers\FileHandler' driver.
DEBUG - 2026-02-05 11:09:20 --> Session: Class initialized using 'CodeIgniter\Session\Handlers\FileHandler' driver.
DEBUG - 2026-02-05 11:12:22 --> Session: Class initialized using 'CodeIgniter\Session\Handlers\FileHandler' driver.
ERROR - 2026-02-05 11:12:22 --> mysqli_sql_exception: Unknown column 'CASE WHEN titre = "President" THEN 1 WHEN titre = "Vice-Président" THEN 2 WHEN titre = "Comptable" THEN 3 WHEN titre = "Secrétaire" THEN 4 WHEN titre = "Sponsoring" THEN 5 WHEN titre = "Coac' in 'field list' in C:\xampp\htdocs\www\Site-du-PEC\htdocs\system\Database\MySQLi\Connection.php:327
Stack trace:
#0 C:\xampp\htdocs\www\Site-du-PEC\htdocs\system\Database\MySQLi\Connection.php(327): mysqli->query('SELECT *, `CASE...', 0)
#1 C:\xampp\htdocs\www\Site-du-PEC\htdocs\system\Database\BaseConnection.php(738): CodeIgniter\Database\MySQLi\Connection->execute('SELECT *, `CASE...')
#2 C:\xampp\htdocs\www\Site-du-PEC\htdocs\system\Database\BaseConnection.php(652): CodeIgniter\Database\BaseConnection->simpleQuery('SELECT *, `CASE...')
#3 C:\xampp\htdocs\www\Site-du-PEC\htdocs\system\Database\BaseBuilder.php(1649): CodeIgniter\Database\BaseConnection->query('SELECT *, `CASE...', Array, false)
#4 C:\xampp\htdocs\www\Site-du-PEC\htdocs\system\Model.php(286): CodeIgniter\Database\BaseBuilder->get()
#5 C:\xampp\htdocs\www\Site-du-PEC\htdocs\system\BaseModel.php(679): CodeIgniter\Model->doFindAll(0, 0)
#6 C:\xampp\htdocs\www\Site-du-PEC\htdocs\app\Controllers\Admin\Membres.php(94): CodeIgniter\BaseModel->findAll()
#7 C:\xampp\htdocs\www\Site-du-PEC\htdocs\system\CodeIgniter.php(933): App\Controllers\Admin\Membres->edit('1')
#8 C:\xampp\htdocs\www\Site-du-PEC\htdocs\system\CodeIgniter.php(507): CodeIgniter\CodeIgniter->runController(Object(App\Controllers\Admin\Membres))
#9 C:\xampp\htdocs\www\Site-du-PEC\htdocs\system\CodeIgniter.php(354): CodeIgniter\CodeIgniter->handleRequest(NULL, Object(Config\Cache), false)
#10 C:\xampp\htdocs\www\Site-du-PEC\htdocs\system\Boot.php(334): CodeIgniter\CodeIgniter->run()
#11 C:\xampp\htdocs\www\Site-du-PEC\htdocs\system\Boot.php(67): CodeIgniter\Boot::runCodeIgniter(Object(CodeIgniter\CodeIgniter))
#12 C:\xampp\htdocs\www\Site-du-PEC\htdocs\public\index.php(69): CodeIgniter\Boot::bootWeb(Object(Config\Paths))
#13 {main}
CRITICAL - 2026-02-05 11:12:22 --> CodeIgniter\Database\Exceptions\DatabaseException: Unknown column 'CASE WHEN titre = "President" THEN 1 WHEN titre = "Vice-Président" THEN 2 WHEN titre = "Comptable" THEN 3 WHEN titre = "Secrétaire" THEN 4 WHEN titre = "Sponsoring" THEN 5 WHEN titre = "Coac' in 'field list'
[Method: GET, Route: admin/membres/1/edit]
in SYSTEMPATH\Database\BaseConnection.php on line 692.
 1 SYSTEMPATH\Database\BaseBuilder.php(1649): CodeIgniter\Database\BaseConnection->query('SELECT *, `CASE WHEN titre = "President" THEN 1 WHEN titre = "Vice-Président" THEN 2 WHEN titre = "Comptable" THEN 3 WHEN titre = "Secrétaire" THEN 4 WHEN titre = "Sponsoring" THEN 5 WHEN titre = "Coach" THEN 6 WHEN titre = "Coach en formation" THEN 7 ELSE 99 END` as `ordre_affichage`
FROM `fonctions`
ORDER BY `ordre_affichage` ASC', [], false)
 2 SYSTEMPATH\Model.php(286): CodeIgniter\Database\BaseBuilder->get()
 3 SYSTEMPATH\BaseModel.php(679): CodeIgniter\Model->doFindAll(0, 0)
 4 APPPATH\Controllers\Admin\Membres.php(94): CodeIgniter\BaseModel->findAll()
 5 SYSTEMPATH\CodeIgniter.php(933): App\Controllers\Admin\Membres->edit('1')
 6 SYSTEMPATH\CodeIgniter.php(507): CodeIgniter\CodeIgniter->runController(Object(App\Controllers\Admin\Membres))
 7 SYSTEMPATH\CodeIgniter.php(354): CodeIgniter\CodeIgniter->handleRequest(null, Object(Config\Cache), false)
 8 SYSTEMPATH\Boot.php(334): CodeIgniter\CodeIgniter->run()
 9 SYSTEMPATH\Boot.php(67): CodeIgniter\Boot::runCodeIgniter(Object(CodeIgniter\CodeIgniter))
10 FCPATH\index.php(69): CodeIgniter\Boot::bootWeb(Object(Config\Paths))
CRITICAL - 2026-02-05 11:12:22 --> [Caused by] CodeIgniter\Database\Exceptions\DatabaseException: Unknown column 'CASE WHEN titre = "President" THEN 1 WHEN titre = "Vice-Président" THEN 2 WHEN titre = "Comptable" THEN 3 WHEN titre = "Secrétaire" THEN 4 WHEN titre = "Sponsoring" THEN 5 WHEN titre = "Coac' in 'field list'
in SYSTEMPATH\Database\MySQLi\Connection.php on line 332.
 1 SYSTEMPATH\Database\BaseConnection.php(738): CodeIgniter\Database\MySQLi\Connection->execute('SELECT *, `CASE WHEN titre = "President" THEN 1 WHEN titre = "Vice-Président" THEN 2 WHEN titre = "Comptable" THEN 3 WHEN titre = "Secrétaire" THEN 4 WHEN titre = "Sponsoring" THEN 5 WHEN titre = "Coach" THEN 6 WHEN titre = "Coach en formation" THEN 7 ELSE 99 END` as `ordre_affichage`
FROM `fonctions`
ORDER BY `ordre_affichage` ASC')
 2 SYSTEMPATH\Database\BaseConnection.php(652): CodeIgniter\Database\BaseConnection->simpleQuery('SELECT *, `CASE WHEN titre = "President" THEN 1 WHEN titre = "Vice-Président" THEN 2 WHEN titre = "Comptable" THEN 3 WHEN titre = "Secrétaire" THEN 4 WHEN titre = "Sponsoring" THEN 5 WHEN titre = "Coach" THEN 6 WHEN titre = "Coach en formation" THEN 7 ELSE 99 END` as `ordre_affichage`
FROM `fonctions`
ORDER BY `ordre_affichage` ASC')
 3 SYSTEMPATH\Database\BaseBuilder.php(1649): CodeIgniter\Database\BaseConnection->query('SELECT *, `CASE WHEN titre = "President" THEN 1 WHEN titre = "Vice-Président" THEN 2 WHEN titre = "Comptable" THEN 3 WHEN titre = "Secrétaire" THEN 4 WHEN titre = "Sponsoring" THEN 5 WHEN titre = "Coach" THEN 6 WHEN titre = "Coach en formation" THEN 7 ELSE 99 END` as `ordre_affichage`
FROM `fonctions`
ORDER BY `ordre_affichage` ASC', [], false)
 4 SYSTEMPATH\Model.php(286): CodeIgniter\Database\BaseBuilder->get()
 5 SYSTEMPATH\BaseModel.php(679): CodeIgniter\Model->doFindAll(0, 0)
 6 APPPATH\Controllers\Admin\Membres.php(94): CodeIgniter\BaseModel->findAll()
 7 SYSTEMPATH\CodeIgniter.php(933): App\Controllers\Admin\Membres->edit('1')
 8 SYSTEMPATH\CodeIgniter.php(507): CodeIgniter\CodeIgniter->runController(Object(App\Controllers\Admin\Membres))
 9 SYSTEMPATH\CodeIgniter.php(354): CodeIgniter\CodeIgniter->handleRequest(null, Object(Config\Cache), false)
10 SYSTEMPATH\Boot.php(334): CodeIgniter\CodeIgniter->run()
11 SYSTEMPATH\Boot.php(67): CodeIgniter\Boot::runCodeIgniter(Object(CodeIgniter\CodeIgniter))
12 FCPATH\index.php(69): CodeIgniter\Boot::bootWeb(Object(Config\Paths))
CRITICAL - 2026-02-05 11:12:22 --> [Caused by] mysqli_sql_exception: Unknown column 'CASE WHEN titre = "President" THEN 1 WHEN titre = "Vice-Président" THEN 2 WHEN titre = "Comptable" THEN 3 WHEN titre = "Secrétaire" THEN 4 WHEN titre = "Sponsoring" THEN 5 WHEN titre = "Coac' in 'field list'
in SYSTEMPATH\Database\MySQLi\Connection.php on line 327.
 1 SYSTEMPATH\Database\MySQLi\Connection.php(327): mysqli->query('SELECT *, `CASE WHEN titre = "President" THEN 1 WHEN titre = "Vice-Président" THEN 2 WHEN titre = "Comptable" THEN 3 WHEN titre = "Secrétaire" THEN 4 WHEN titre = "Sponsoring" THEN 5 WHEN titre = "Coach" THEN 6 WHEN titre = "Coach en formation" THEN 7 ELSE 99 END` as `ordre_affichage`
FROM `fonctions`
ORDER BY `ordre_affichage` ASC', 0)
 2 SYSTEMPATH\Database\BaseConnection.php(738): CodeIgniter\Database\MySQLi\Connection->execute('SELECT *, `CASE WHEN titre = "President" THEN 1 WHEN titre = "Vice-Président" THEN 2 WHEN titre = "Comptable" THEN 3 WHEN titre = "Secrétaire" THEN 4 WHEN titre = "Sponsoring" THEN 5 WHEN titre = "Coach" THEN 6 WHEN titre = "Coach en formation" THEN 7 ELSE 99 END` as `ordre_affichage`
FROM `fonctions`
ORDER BY `ordre_affichage` ASC')
 3 SYSTEMPATH\Database\BaseConnection.php(652): CodeIgniter\Database\BaseConnection->simpleQuery('SELECT *, `CASE WHEN titre = "President" THEN 1 WHEN titre = "Vice-Président" THEN 2 WHEN titre = "Comptable" THEN 3 WHEN titre = "Secrétaire" THEN 4 WHEN titre = "Sponsoring" THEN 5 WHEN titre = "Coach" THEN 6 WHEN titre = "Coach en formation" THEN 7 ELSE 99 END` as `ordre_affichage`
FROM `fonctions`
ORDER BY `ordre_affichage` ASC')
 4 SYSTEMPATH\Database\BaseBuilder.php(1649): CodeIgniter\Database\BaseConnection->query('SELECT *, `CASE WHEN titre = "President" THEN 1 WHEN titre = "Vice-Président" THEN 2 WHEN titre = "Comptable" THEN 3 WHEN titre = "Secrétaire" THEN 4 WHEN titre = "Sponsoring" THEN 5 WHEN titre = "Coach" THEN 6 WHEN titre = "Coach en formation" THEN 7 ELSE 99 END` as `ordre_affichage`
FROM `fonctions`
ORDER BY `ordre_affichage` ASC', [], false)
 5 SYSTEMPATH\Model.php(286): CodeIgniter\Database\BaseBuilder->get()
 6 SYSTEMPATH\BaseModel.php(679): CodeIgniter\Model->doFindAll(0, 0)
 7 APPPATH\Controllers\Admin\Membres.php(94): CodeIgniter\BaseModel->findAll()
 8 SYSTEMPATH\CodeIgniter.php(933): App\Controllers\Admin\Membres->edit('1')
 9 SYSTEMPATH\CodeIgniter.php(507): CodeIgniter\CodeIgniter->runController(Object(App\Controllers\Admin\Membres))
10 SYSTEMPATH\CodeIgniter.php(354): CodeIgniter\CodeIgniter->handleRequest(null, Object(Config\Cache), false)
11 SYSTEMPATH\Boot.php(334): CodeIgniter\CodeIgniter->run()
12 SYSTEMPATH\Boot.php(67): CodeIgniter\Boot::runCodeIgniter(Object(CodeIgniter\CodeIgniter))
13 FCPATH\index.php(69): CodeIgniter\Boot::bootWeb(Object(Config\Paths))
DEBUG - 2026-02-05 11:14:06 --> Session: Class initialized using 'CodeIgniter\Session\Handlers\FileHandler' driver.
DEBUG - 2026-02-05 11:14:41 --> Session: Class initialized using 'CodeIgniter\Session\Handlers\FileHandler' driver.
DEBUG - 2026-02-05 11:14:44 --> Session: Class initialized using 'CodeIgniter\Session\Handlers\FileHandler' driver.
DEBUG - 2026-02-05 11:14:58 --> Session: Class initialized using 'CodeIgniter\Session\Handlers\FileHandler' driver.
DEBUG - 2026-02-05 11:15:39 --> Session: Class initialized using 'CodeIgniter\Session\Handlers\FileHandler' driver.
DEBUG - 2026-02-05 11:15:39 --> Session: Class initialized using 'CodeIgniter\Session\Handlers\FileHandler' driver.
DEBUG - 2026-02-05 11:15:42 --> Session: Class initialized using 'CodeIgniter\Session\Handlers\FileHandler' driver.
DEBUG - 2026-02-05 11:15:46 --> Session: Class initialized using 'CodeIgniter\Session\Handlers\FileHandler' driver.
DEBUG - 2026-02-05 11:15:46 --> Session: Class initialized using 'CodeIgniter\Session\Handlers\FileHandler' driver.
DEBUG - 2026-02-05 11:15:51 --> Session: Class initialized using 'CodeIgniter\Session\Handlers\FileHandler' driver.
DEBUG - 2026-02-05 11:16:02 --> Session: Class initialized using 'CodeIgniter\Session\Handlers\FileHandler' driver.
DEBUG - 2026-02-05 11:16:02 --> Session: Class initialized using 'CodeIgniter\Session\Handlers\FileHandler' driver.
DEBUG - 2026-02-05 11:21:28 --> Session: Class initialized using 'CodeIgniter\Session\Handlers\FileHandler' driver.
DEBUG - 2026-02-05 11:24:18 --> Session: Class initialized using 'CodeIgniter\Session\Handlers\FileHandler' driver.
DEBUG - 2026-02-05 11:24:18 --> Session: Class initialized using 'CodeIgniter\Session\Handlers\FileHandler' driver.
DEBUG - 2026-02-05 11:24:24 --> Session: Class initialized using 'CodeIgniter\Session\Handlers\FileHandler' driver.
DEBUG - 2026-02-05 11:24:24 --> Session: Class initialized using 'CodeIgniter\Session\Handlers\FileHandler' driver.
DEBUG - 2026-02-05 11:24:27 --> Session: Class initialized using 'CodeIgniter\Session\Handlers\FileHandler' driver.
DEBUG - 2026-02-05 11:24:29 --> Session: Class initialized using 'CodeIgniter\Session\Handlers\FileHandler' driver.
DEBUG - 2026-02-05 11:24:39 --> Session: Class initialized using 'CodeIgniter\Session\Handlers\FileHandler' driver.
DEBUG - 2026-02-05 11:24:40 --> Session: Class initialized using 'CodeIgniter\Session\Handlers\FileHandler' driver.
DEBUG - 2026-02-05 11:30:37 --> Session: Class initialized using 'CodeIgniter\Session\Handlers\FileHandler' driver.
DEBUG - 2026-02-05 11:30:40 --> Session: Class initialized using 'CodeIgniter\Session\Handlers\FileHandler' driver.
DEBUG - 2026-02-05 11:30:41 --> Session: Class initialized using 'CodeIgniter\Session\Handlers\FileHandler' driver.
DEBUG - 2026-02-05 11:30:42 --> Session: Class initialized using 'CodeIgniter\Session\Handlers\FileHandler' driver.
DEBUG - 2026-02-05 11:35:35 --> Session: Class initialized using 'CodeIgniter\Session\Handlers\FileHandler' driver.
DEBUG - 2026-02-05 11:35:37 --> Session: Class initialized using 'CodeIgniter\Session\Handlers\FileHandler' driver.
DEBUG - 2026-02-05 11:35:39 --> Session: Class initialized using 'CodeIgniter\Session\Handlers\FileHandler' driver.
DEBUG - 2026-02-05 11:35:41 --> Session: Class initialized using 'CodeIgniter\Session\Handlers\FileHandler' driver.
DEBUG - 2026-02-05 11:35:43 --> Session: Class initialized using 'CodeIgniter\Session\Handlers\FileHandler' driver.
DEBUG - 2026-02-05 11:54:13 --> Session: Class initialized using 'CodeIgniter\Session\Handlers\FileHandler' driver.
DEBUG - 2026-02-05 11:54:15 --> Session: Class initialized using 'CodeIgniter\Session\Handlers\FileHandler' driver.
DEBUG - 2026-02-05 11:54:18 --> Session: Class initialized using 'CodeIgniter\Session\Handlers\FileHandler' driver.
DEBUG - 2026-02-05 11:54:19 --> Session: Class initialized using 'CodeIgniter\Session\Handlers\FileHandler' driver.
DEBUG - 2026-02-05 11:59:41 --> Session: Class initialized using 'CodeIgniter\Session\Handlers\FileHandler' driver.
DEBUG - 2026-02-05 11:59:42 --> Session: Class initialized using 'CodeIgniter\Session\Handlers\FileHandler' driver.
DEBUG - 2026-02-05 12:09:40 --> Session: Class initialized using 'CodeIgniter\Session\Handlers\FileHandler' driver.
DEBUG - 2026-02-05 12:09:40 --> Session: Class initialized using 'CodeIgniter\Session\Handlers\FileHandler' driver.
DEBUG - 2026-02-05 12:09:43 --> Session: Class initialized using 'CodeIgniter\Session\Handlers\FileHandler' driver.
DEBUG - 2026-02-05 12:09:47 --> Session: Class initialized using 'CodeIgniter\Session\Handlers\FileHandler' driver.
DEBUG - 2026-02-05 12:09:51 --> Session: Class initialized using 'CodeIgniter\Session\Handlers\FileHandler' driver.
DEBUG - 2026-02-05 12:09:52 --> Session: Class initialized using 'CodeIgniter\Session\Handlers\FileHandler' driver.
DEBUG - 2026-02-05 12:09:55 --> Session: Class initialized using 'CodeIgniter\Session\Handlers\FileHandler' driver.
DEBUG - 2026-02-05 12:10:04 --> Session: Class initialized using 'CodeIgniter\Session\Handlers\FileHandler' driver.
DEBUG - 2026-02-05 12:10:12 --> Session: Class initialized using 'CodeIgniter\Session\Handlers\FileHandler' driver.
DEBUG - 2026-02-05 12:10:16 --> Session: Class initialized using 'CodeIgniter\Session\Handlers\FileHandler' driver.
DEBUG - 2026-02-05 12:10:19 --> Session: Class initialized using 'CodeIgniter\Session\Handlers\FileHandler' driver.
DEBUG - 2026-02-05 12:11:04 --> Session: Class initialized using 'CodeIgniter\Session\Handlers\FileHandler' driver.
DEBUG - 2026-02-05 12:11:31 --> Session: Class initialized using 'CodeIgniter\Session\Handlers\FileHandler' driver.
DEBUG - 2026-02-05 12:11:32 --> Session: Class initialized using 'CodeIgniter\Session\Handlers\FileHandler' driver.
DEBUG - 2026-02-05 12:11:32 --> Session: Class initialized using 'CodeIgniter\Session\Handlers\FileHandler' driver.
DEBUG - 2026-02-05 12:11:33 --> Session: Class initialized using 'CodeIgniter\Session\Handlers\FileHandler' driver.
DEBUG - 2026-02-05 12:11:45 --> Session: Class initialized using 'CodeIgniter\Session\Handlers\FileHandler' driver.
DEBUG - 2026-02-05 12:11:45 --> Session: Class initialized using 'CodeIgniter\Session\Handlers\FileHandler' driver.
DEBUG - 2026-02-05 12:11:52 --> Session: Class initialized using 'CodeIgniter\Session\Handlers\FileHandler' driver.
DEBUG - 2026-02-05 12:11:53 --> Session: Class initialized using 'CodeIgniter\Session\Handlers\FileHandler' driver.
DEBUG - 2026-02-05 12:11:56 --> Session: Class initialized using 'CodeIgniter\Session\Handlers\FileHandler' driver.
DEBUG - 2026-02-05 12:12:00 --> Session: Class initialized using 'CodeIgniter\Session\Handlers\FileHandler' driver.
DEBUG - 2026-02-05 12:12:01 --> Session: Class initialized using 'CodeIgniter\Session\Handlers\FileHandler' driver.
DEBUG - 2026-02-05 12:12:04 --> Session: Class initialized using 'CodeIgniter\Session\Handlers\FileHandler' driver.
DEBUG - 2026-02-05 12:12:05 --> Session: Class initialized using 'CodeIgniter\Session\Handlers\FileHandler' driver.
DEBUG - 2026-02-05 12:12:06 --> Session: Class initialized using 'CodeIgniter\Session\Handlers\FileHandler' driver.
DEBUG - 2026-02-05 12:12:08 --> Session: Class initialized using 'CodeIgniter\Session\Handlers\FileHandler' driver.
DEBUG - 2026-02-05 12:29:14 --> Session: Class initialized using 'CodeIgniter\Session\Handlers\FileHandler' driver.
DEBUG - 2026-02-05 12:29:16 --> Session: Class initialized using 'CodeIgniter\Session\Handlers\FileHandler' driver.
DEBUG - 2026-02-05 13:50:34 --> Session: Class initialized using 'CodeIgniter\Session\Handlers\FileHandler' driver.
DEBUG - 2026-02-05 13:50:39 --> Session: Class initialized using 'CodeIgniter\Session\Handlers\FileHandler' driver.
CRITICAL - 2026-02-05 13:50:39 --> ErrorException: Undefined variable $item
[Method: GET, Route: admin/root]
in APPPATH\Views\admin\v_root.php on line 34.
 1 APPPATH\Views\admin\v_root.php(34): CodeIgniter\Debug\Exceptions->errorHandler(2, 'Undefined variable $item', 'C:\\xampp\\htdocs\\www\\Palmes-en-Cornouailles\\htdocs\\app\\Views\\admin\\v_root.php', 34)
 2 SYSTEMPATH\View\View.php(224): include('C:\\xampp\\htdocs\\www\\Palmes-en-Cornouailles\\htdocs\\app\\Views\\admin\\v_root.php')
 3 SYSTEMPATH\View\View.php(227): CodeIgniter\View\View->CodeIgniter\View\{closure}()
 4 SYSTEMPATH\Common.php(1173): CodeIgniter\View\View->render('admin/v_root', [], true)
 5 APPPATH\Controllers\admin\Dashboard.php(78): view('admin/v_root', [...])
 6 SYSTEMPATH\CodeIgniter.php(933): App\Controllers\admin\Dashboard->root()
 7 SYSTEMPATH\CodeIgniter.php(507): CodeIgniter\CodeIgniter->runController(Object(App\Controllers\admin\Dashboard))
 8 SYSTEMPATH\CodeIgniter.php(354): CodeIgniter\CodeIgniter->handleRequest(null, Object(Config\Cache), false)
 9 SYSTEMPATH\Boot.php(334): CodeIgniter\CodeIgniter->run()
10 SYSTEMPATH\Boot.php(67): CodeIgniter\Boot::runCodeIgniter(Object(CodeIgniter\CodeIgniter))
11 FCPATH\index.php(69): CodeIgniter\Boot::bootWeb(Object(Config\Paths))
DEBUG - 2026-02-05 13:51:11 --> Session: Class initialized using 'CodeIgniter\Session\Handlers\FileHandler' driver.
DEBUG - 2026-02-05 13:52:53 --> Session: Class initialized using 'CodeIgniter\Session\Handlers\FileHandler' driver.
DEBUG - 2026-02-05 13:52:58 --> Session: Class initialized using 'CodeIgniter\Session\Handlers\FileHandler' driver.
CRITICAL - 2026-02-05 13:52:58 --> ErrorException: Undefined variable $item
[Method: GET, Route: admin/root]
in APPPATH\Views\admin\v_root.php on line 33.
 1 APPPATH\Views\admin\v_root.php(33): CodeIgniter\Debug\Exceptions->errorHandler(2, 'Undefined variable $item', 'C:\\xampp\\htdocs\\www\\Palmes-en-Cornouailles\\htdocs\\app\\Views\\admin\\v_root.php', 33)
 2 SYSTEMPATH\View\View.php(224): include('C:\\xampp\\htdocs\\www\\Palmes-en-Cornouailles\\htdocs\\app\\Views\\admin\\v_root.php')
 3 SYSTEMPATH\View\View.php(227): CodeIgniter\View\View->CodeIgniter\View\{closure}()
 4 SYSTEMPATH\Common.php(1173): CodeIgniter\View\View->render('admin/v_root', [], true)
 5 APPPATH\Controllers\admin\Dashboard.php(78): view('admin/v_root', [...])
 6 SYSTEMPATH\CodeIgniter.php(933): App\Controllers\admin\Dashboard->root()
 7 SYSTEMPATH\CodeIgniter.php(507): CodeIgniter\CodeIgniter->runController(Object(App\Controllers\admin\Dashboard))
 8 SYSTEMPATH\CodeIgniter.php(354): CodeIgniter\CodeIgniter->handleRequest(null, Object(Config\Cache), false)
 9 SYSTEMPATH\Boot.php(334): CodeIgniter\CodeIgniter->run()
10 SYSTEMPATH\Boot.php(67): CodeIgniter\Boot::runCodeIgniter(Object(CodeIgniter\CodeIgniter))
11 FCPATH\index.php(69): CodeIgniter\Boot::bootWeb(Object(Config\Paths))
DEBUG - 2026-02-05 13:54:12 --> Session: Class initialized using 'CodeIgniter\Session\Handlers\FileHandler' driver.
CRITICAL - 2026-02-05 13:54:12 --> TypeError: Cannot access offset of type string on string
[Method: GET, Route: admin/root]
in APPPATH\Views\admin\v_root.php on line 33.
 1 SYSTEMPATH\View\View.php(224): include()
 2 SYSTEMPATH\View\View.php(227): CodeIgniter\View\View->CodeIgniter\View\{closure}()
 3 SYSTEMPATH\Common.php(1173): CodeIgniter\View\View->render('admin/v_root', [], true)
 4 APPPATH\Controllers\admin\Dashboard.php(78): view('admin/v_root', [...])
 5 SYSTEMPATH\CodeIgniter.php(933): App\Controllers\admin\Dashboard->root()
 6 SYSTEMPATH\CodeIgniter.php(507): CodeIgniter\CodeIgniter->runController(Object(App\Controllers\admin\Dashboard))
 7 SYSTEMPATH\CodeIgniter.php(354): CodeIgniter\CodeIgniter->handleRequest(null, Object(Config\Cache), false)
 8 SYSTEMPATH\Boot.php(334): CodeIgniter\CodeIgniter->run()
 9 SYSTEMPATH\Boot.php(67): CodeIgniter\Boot::runCodeIgniter(Object(CodeIgniter\CodeIgniter))
10 FCPATH\index.php(69): CodeIgniter\Boot::bootWeb(Object(Config\Paths))
DEBUG - 2026-02-05 13:54:27 --> Session: Class initialized using 'CodeIgniter\Session\Handlers\FileHandler' driver.
CRITICAL - 2026-02-05 13:54:27 --> TypeError: Cannot access offset of type string on string
[Method: GET, Route: admin/root]
in APPPATH\Views\admin\v_root.php on line 32.
 1 SYSTEMPATH\View\View.php(224): include()
 2 SYSTEMPATH\View\View.php(227): CodeIgniter\View\View->CodeIgniter\View\{closure}()
 3 SYSTEMPATH\Common.php(1173): CodeIgniter\View\View->render('admin/v_root', [], true)
 4 APPPATH\Controllers\admin\Dashboard.php(78): view('admin/v_root', [...])
 5 SYSTEMPATH\CodeIgniter.php(933): App\Controllers\admin\Dashboard->root()
 6 SYSTEMPATH\CodeIgniter.php(507): CodeIgniter\CodeIgniter->runController(Object(App\Controllers\admin\Dashboard))
 7 SYSTEMPATH\CodeIgniter.php(354): CodeIgniter\CodeIgniter->handleRequest(null, Object(Config\Cache), false)
 8 SYSTEMPATH\Boot.php(334): CodeIgniter\CodeIgniter->run()
 9 SYSTEMPATH\Boot.php(67): CodeIgniter\Boot::runCodeIgniter(Object(CodeIgniter\CodeIgniter))
10 FCPATH\index.php(69): CodeIgniter\Boot::bootWeb(Object(Config\Paths))
DEBUG - 2026-02-05 13:57:19 --> Session: Class initialized using 'CodeIgniter\Session\Handlers\FileHandler' driver.
CRITICAL - 2026-02-05 13:57:19 --> TypeError: Cannot access offset of type string on string
[Method: GET, Route: admin/root]
in APPPATH\Views\admin\v_root.php on line 32.
 1 SYSTEMPATH\View\View.php(224): include()
 2 SYSTEMPATH\View\View.php(227): CodeIgniter\View\View->CodeIgniter\View\{closure}()
 3 SYSTEMPATH\Common.php(1173): CodeIgniter\View\View->render('admin/v_root', [], true)
 4 APPPATH\Controllers\admin\Dashboard.php(78): view('admin/v_root', [...])
 5 SYSTEMPATH\CodeIgniter.php(933): App\Controllers\admin\Dashboard->root()
 6 SYSTEMPATH\CodeIgniter.php(507): CodeIgniter\CodeIgniter->runController(Object(App\Controllers\admin\Dashboard))
 7 SYSTEMPATH\CodeIgniter.php(354): CodeIgniter\CodeIgniter->handleRequest(null, Object(Config\Cache), false)
 8 SYSTEMPATH\Boot.php(334): CodeIgniter\CodeIgniter->run()
 9 SYSTEMPATH\Boot.php(67): CodeIgniter\Boot::runCodeIgniter(Object(CodeIgniter\CodeIgniter))
10 FCPATH\index.php(69): CodeIgniter\Boot::bootWeb(Object(Config\Paths))
DEBUG - 2026-02-05 14:01:03 --> Session: Class initialized using 'CodeIgniter\Session\Handlers\FileHandler' driver.
CRITICAL - 2026-02-05 14:01:03 --> ErrorException: Trait "App\Controllers\admin\App\Models\Admin\GeneralModel" not found
[Method: GET, Route: admin/root]
in APPPATH\Controllers\admin\Dashboard.php on line 7.
 1 [internal function]: CodeIgniter\Debug\Exceptions->shutdownHandler()
DEBUG - 2026-02-05 14:04:40 --> Session: Class initialized using 'CodeIgniter\Session\Handlers\FileHandler' driver.
DEBUG - 2026-02-05 14:08:24 --> Session: Class initialized using 'CodeIgniter\Session\Handlers\FileHandler' driver.
DEBUG - 2026-02-05 14:10:15 --> Session: Class initialized using 'CodeIgniter\Session\Handlers\FileHandler' driver.
DEBUG - 2026-02-05 14:10:18 --> Session: Class initialized using 'CodeIgniter\Session\Handlers\FileHandler' driver.
DEBUG - 2026-02-05 14:10:18 --> Session: Class initialized using 'CodeIgniter\Session\Handlers\FileHandler' driver.
DEBUG - 2026-02-05 14:12:08 --> Session: Class initialized using 'CodeIgniter\Session\Handlers\FileHandler' driver.
DEBUG - 2026-02-05 14:12:14 --> Session: Class initialized using 'CodeIgniter\Session\Handlers\FileHandler' driver.
DEBUG - 2026-02-05 14:12:54 --> Session: Class initialized using 'CodeIgniter\Session\Handlers\FileHandler' driver.
DEBUG - 2026-02-05 14:12:57 --> Session: Class initialized using 'CodeIgniter\Session\Handlers\FileHandler' driver.
DEBUG - 2026-02-05 14:15:11 --> Session: Class initialized using 'CodeIgniter\Session\Handlers\FileHandler' driver.
DEBUG - 2026-02-05 14:15:23 --> Session: Class initialized using 'CodeIgniter\Session\Handlers\FileHandler' driver.
DEBUG - 2026-02-05 14:15:29 --> Session: Class initialized using 'CodeIgniter\Session\Handlers\FileHandler' driver.
DEBUG - 2026-02-05 14:15:33 --> Session: Class initialized using 'CodeIgniter\Session\Handlers\FileHandler' driver.
DEBUG - 2026-02-05 14:17:14 --> Session: Class initialized using 'CodeIgniter\Session\Handlers\FileHandler' driver.
DEBUG - 2026-02-05 14:17:32 --> Session: Class initialized using 'CodeIgniter\Session\Handlers\FileHandler' driver.
DEBUG - 2026-02-05 14:18:12 --> Session: Class initialized using 'CodeIgniter\Session\Handlers\FileHandler' driver.
DEBUG - 2026-02-05 14:19:21 --> Session: Class initialized using 'CodeIgniter\Session\Handlers\FileHandler' driver.
DEBUG - 2026-02-05 14:20:27 --> Session: Class initialized using 'CodeIgniter\Session\Handlers\FileHandler' driver.
DEBUG - 2026-02-05 14:20:30 --> Session: Class initialized using 'CodeIgniter\Session\Handlers\FileHandler' driver.
DEBUG - 2026-02-05 14:20:36 --> Session: Class initialized using 'CodeIgniter\Session\Handlers\FileHandler' driver.
DEBUG - 2026-02-05 14:21:33 --> Session: Class initialized using 'CodeIgniter\Session\Handlers\FileHandler' driver.
DEBUG - 2026-02-05 14:21:57 --> Session: Class initialized using 'CodeIgniter\Session\Handlers\FileHandler' driver.
DEBUG - 2026-02-05 14:22:00 --> Session: Class initialized using 'CodeIgniter\Session\Handlers\FileHandler' driver.
DEBUG - 2026-02-05 14:29:36 --> Session: Class initialized using 'CodeIgniter\Session\Handlers\FileHandler' driver.
DEBUG - 2026-02-05 14:29:42 --> Session: Class initialized using 'CodeIgniter\Session\Handlers\FileHandler' driver.
DEBUG - 2026-02-05 14:30:05 --> Session: Class initialized using 'CodeIgniter\Session\Handlers\FileHandler' driver.
DEBUG - 2026-02-05 14:30:05 --> Session: Class initialized using 'CodeIgniter\Session\Handlers\FileHandler' driver.
DEBUG - 2026-02-05 14:30:12 --> Session: Class initialized using 'CodeIgniter\Session\Handlers\FileHandler' driver.
DEBUG - 2026-02-05 14:30:12 --> Session: Class initialized using 'CodeIgniter\Session\Handlers\FileHandler' driver.
DEBUG - 2026-02-05 14:30:17 --> Session: Class initialized using 'CodeIgniter\Session\Handlers\FileHandler' driver.
DEBUG - 2026-02-05 14:31:00 --> Session: Class initialized using 'CodeIgniter\Session\Handlers\FileHandler' driver.
DEBUG - 2026-02-05 14:31:02 --> Session: Class initialized using 'CodeIgniter\Session\Handlers\FileHandler' driver.
DEBUG - 2026-02-05 14:33:49 --> Session: Class initialized using 'CodeIgniter\Session\Handlers\FileHandler' driver.
DEBUG - 2026-02-05 14:33:53 --> Session: Class initialized using 'CodeIgniter\Session\Handlers\FileHandler' driver.
DEBUG - 2026-02-05 14:33:54 --> Session: Class initialized using 'CodeIgniter\Session\Handlers\FileHandler' driver.
DEBUG - 2026-02-05 16:59:20 --> Session: Class initialized using 'CodeIgniter\Session\Handlers\FileHandler' driver.
DEBUG - 2026-02-05 16:59:20 --> Session: Class initialized using 'CodeIgniter\Session\Handlers\FileHandler' driver.
DEBUG - 2026-02-05 16:59:22 --> Session: Class initialized using 'CodeIgniter\Session\Handlers\FileHandler' driver.
DEBUG - 2026-02-05 16:59:30 --> Session: Class initialized using 'CodeIgniter\Session\Handlers\FileHandler' driver.
DEBUG - 2026-02-05 16:59:59 --> Session: Class initialized using 'CodeIgniter\Session\Handlers\FileHandler' driver.
DEBUG - 2026-02-05 17:00:43 --> Session: Class initialized using 'CodeIgniter\Session\Handlers\FileHandler' driver.
DEBUG - 2026-02-05 17:00:44 --> Session: Class initialized using 'CodeIgniter\Session\Handlers\FileHandler' driver.
DEBUG - 2026-02-05 17:00:48 --> Session: Class initialized using 'CodeIgniter\Session\Handlers\FileHandler' driver.
DEBUG - 2026-02-05 17:01:03 --> Session: Class initialized using 'CodeIgniter\Session\Handlers\FileHandler' driver.
DEBUG - 2026-02-05 17:01:03 --> Session: Class initialized using 'CodeIgniter\Session\Handlers\FileHandler' driver.
DEBUG - 2026-02-05 17:01:10 --> Session: Class initialized using 'CodeIgniter\Session\Handlers\FileHandler' driver.
DEBUG - 2026-02-05 17:01:10 --> Session: Class initialized using 'CodeIgniter\Session\Handlers\FileHandler' driver.
DEBUG - 2026-02-05 17:01:18 --> Session: Class initialized using 'CodeIgniter\Session\Handlers\FileHandler' driver.
DEBUG - 2026-02-05 17:01:19 --> Session: Class initialized using 'CodeIgniter\Session\Handlers\FileHandler' driver.
DEBUG - 2026-02-05 17:01:20 --> Session: Class initialized using 'CodeIgniter\Session\Handlers\FileHandler' driver.
DEBUG - 2026-02-05 17:01:22 --> Session: Class initialized using 'CodeIgniter\Session\Handlers\FileHandler' driver.
DEBUG - 2026-02-05 17:01:31 --> Session: Class initialized using 'CodeIgniter\Session\Handlers\FileHandler' driver.
DEBUG - 2026-02-05 17:01:59 --> Session: Class initialized using 'CodeIgniter\Session\Handlers\FileHandler' driver.
DEBUG - 2026-02-05 17:02:00 --> Session: Class initialized using 'CodeIgniter\Session\Handlers\FileHandler' driver.
DEBUG - 2026-02-05 17:02:02 --> Session: Class initialized using 'CodeIgniter\Session\Handlers\FileHandler' driver.
DEBUG - 2026-02-05 17:02:05 --> Session: Class initialized using 'CodeIgniter\Session\Handlers\FileHandler' driver.
DEBUG - 2026-02-05 17:02:09 --> Session: Class initialized using 'CodeIgniter\Session\Handlers\FileHandler' driver.
DEBUG - 2026-02-05 17:02:09 --> Session: Class initialized using 'CodeIgniter\Session\Handlers\FileHandler' driver.
DEBUG - 2026-02-05 17:02:16 --> Session: Class initialized using 'CodeIgniter\Session\Handlers\FileHandler' driver.
DEBUG - 2026-02-05 17:02:16 --> Session: Class initialized using 'CodeIgniter\Session\Handlers\FileHandler' driver.
DEBUG - 2026-02-05 17:02:25 --> Session: Class initialized using 'CodeIgniter\Session\Handlers\FileHandler' driver.
DEBUG - 2026-02-05 17:02:26 --> Session: Class initialized using 'CodeIgniter\Session\Handlers\FileHandler' driver.
DEBUG - 2026-02-05 17:02:32 --> Session: Class initialized using 'CodeIgniter\Session\Handlers\FileHandler' driver.
DEBUG - 2026-02-05 17:02:49 --> Session: Class initialized using 'CodeIgniter\Session\Handlers\FileHandler' driver.
DEBUG - 2026-02-05 17:02:52 --> Session: Class initialized using 'CodeIgniter\Session\Handlers\FileHandler' driver.
DEBUG - 2026-02-05 17:03:13 --> Session: Class initialized using 'CodeIgniter\Session\Handlers\FileHandler' driver.
DEBUG - 2026-02-05 17:03:31 --> Session: Class initialized using 'CodeIgniter\Session\Handlers\FileHandler' driver.
DEBUG - 2026-02-05 17:03:51 --> Session: Class initialized using 'CodeIgniter\Session\Handlers\FileHandler' driver.
DEBUG - 2026-02-05 17:03:56 --> Session: Class initialized using 'CodeIgniter\Session\Handlers\FileHandler' driver.
DEBUG - 2026-02-05 17:04:03 --> Session: Class initialized using 'CodeIgniter\Session\Handlers\FileHandler' driver.
DEBUG - 2026-02-05 17:04:08 --> Session: Class initialized using 'CodeIgniter\Session\Handlers\FileHandler' driver.
DEBUG - 2026-02-05 17:04:15 --> Session: Class initialized using 'CodeIgniter\Session\Handlers\FileHandler' driver.
DEBUG - 2026-02-05 17:04:20 --> Session: Class initialized using 'CodeIgniter\Session\Handlers\FileHandler' driver.
DEBUG - 2026-02-05 17:04:24 --> Session: Class initialized using 'CodeIgniter\Session\Handlers\FileHandler' driver.
DEBUG - 2026-02-05 17:04:25 --> Session: Class initialized using 'CodeIgniter\Session\Handlers\FileHandler' driver.
DEBUG - 2026-02-05 17:04:31 --> Session: Class initialized using 'CodeIgniter\Session\Handlers\FileHandler' driver.
DEBUG - 2026-02-05 17:05:08 --> Session: Class initialized using 'CodeIgniter\Session\Handlers\FileHandler' driver.
DEBUG - 2026-02-05 17:05:12 --> Session: Class initialized using 'CodeIgniter\Session\Handlers\FileHandler' driver.
DEBUG - 2026-02-05 17:05:17 --> Session: Class initialized using 'CodeIgniter\Session\Handlers\FileHandler' driver.
DEBUG - 2026-02-05 17:05:18 --> Session: Class initialized using 'CodeIgniter\Session\Handlers\FileHandler' driver.
DEBUG - 2026-02-05 17:05:21 --> Session: Class initialized using 'CodeIgniter\Session\Handlers\FileHandler' driver.
DEBUG - 2026-02-05 17:05:22 --> Session: Class initialized using 'CodeIgniter\Session\Handlers\FileHandler' driver.
DEBUG - 2026-02-05 17:05:38 --> Session: Class initialized using 'CodeIgniter\Session\Handlers\FileHandler' driver.
DEBUG - 2026-02-05 17:05:49 --> Session: Class initialized using 'CodeIgniter\Session\Handlers\FileHandler' driver.
DEBUG - 2026-02-05 17:05:55 --> Session: Class initialized using 'CodeIgniter\Session\Handlers\FileHandler' driver.
DEBUG - 2026-02-05 17:05:56 --> Session: Class initialized using 'CodeIgniter\Session\Handlers\FileHandler' driver.
DEBUG - 2026-02-05 17:06:01 --> Session: Class initialized using 'CodeIgniter\Session\Handlers\FileHandler' driver.
DEBUG - 2026-02-05 17:06:21 --> Session: Class initialized using 'CodeIgniter\Session\Handlers\FileHandler' driver.
DEBUG - 2026-02-05 17:06:27 --> Session: Class initialized using 'CodeIgniter\Session\Handlers\FileHandler' driver.
DEBUG - 2026-02-05 17:06:35 --> Session: Class initialized using 'CodeIgniter\Session\Handlers\FileHandler' driver.
DEBUG - 2026-02-05 17:06:36 --> Session: Class initialized using 'CodeIgniter\Session\Handlers\FileHandler' driver.
DEBUG - 2026-02-05 17:06:59 --> Session: Class initialized using 'CodeIgniter\Session\Handlers\FileHandler' driver.
DEBUG - 2026-02-05 17:07:02 --> Session: Class initialized using 'CodeIgniter\Session\Handlers\FileHandler' driver.
DEBUG - 2026-02-05 17:07:22 --> Session: Class initialized using 'CodeIgniter\Session\Handlers\FileHandler' driver.
DEBUG - 2026-02-05 17:07:25 --> Session: Class initialized using 'CodeIgniter\Session\Handlers\FileHandler' driver.
DEBUG - 2026-02-05 17:07:25 --> Session: Class initialized using 'CodeIgniter\Session\Handlers\FileHandler' driver.
DEBUG - 2026-02-05 17:07:42 --> Session: Class initialized using 'CodeIgniter\Session\Handlers\FileHandler' driver.
DEBUG - 2026-02-05 17:07:42 --> Session: Class initialized using 'CodeIgniter\Session\Handlers\FileHandler' driver.
DEBUG - 2026-02-05 17:08:44 --> Session: Class initialized using 'CodeIgniter\Session\Handlers\FileHandler' driver.
DEBUG - 2026-02-05 17:08:45 --> Session: Class initialized using 'CodeIgniter\Session\Handlers\FileHandler' driver.
DEBUG - 2026-02-05 17:10:21 --> Session: Class initialized using 'CodeIgniter\Session\Handlers\FileHandler' driver.
DEBUG - 2026-02-05 17:10:24 --> Session: Class initialized using 'CodeIgniter\Session\Handlers\FileHandler' driver.
DEBUG - 2026-02-05 17:10:25 --> Session: Class initialized using 'CodeIgniter\Session\Handlers\FileHandler' driver.
DEBUG - 2026-02-05 17:10:33 --> Session: Class initialized using 'CodeIgniter\Session\Handlers\FileHandler' driver.
DEBUG - 2026-02-05 17:10:34 --> Session: Class initialized using 'CodeIgniter\Session\Handlers\FileHandler' driver.
DEBUG - 2026-02-05 17:10:37 --> Session: Class initialized using 'CodeIgniter\Session\Handlers\FileHandler' driver.
DEBUG - 2026-02-05 17:10:40 --> Session: Class initialized using 'CodeIgniter\Session\Handlers\FileHandler' driver.
DEBUG - 2026-02-05 17:10:45 --> Session: Class initialized using 'CodeIgniter\Session\Handlers\FileHandler' driver.
DEBUG - 2026-02-05 17:10:46 --> Session: Class initialized using 'CodeIgniter\Session\Handlers\FileHandler' driver.
DEBUG - 2026-02-05 17:10:49 --> Session: Class initialized using 'CodeIgniter\Session\Handlers\FileHandler' driver.
DEBUG - 2026-02-05 17:10:54 --> Session: Class initialized using 'CodeIgniter\Session\Handlers\FileHandler' driver.
DEBUG - 2026-02-05 17:10:54 --> Session: Class initialized using 'CodeIgniter\Session\Handlers\FileHandler' driver.
DEBUG - 2026-02-05 17:10:58 --> Session: Class initialized using 'CodeIgniter\Session\Handlers\FileHandler' driver.
DEBUG - 2026-02-05 17:11:00 --> Session: Class initialized using 'CodeIgniter\Session\Handlers\FileHandler' driver.
DEBUG - 2026-02-05 17:11:00 --> Session: Class initialized using 'CodeIgniter\Session\Handlers\FileHandler' driver.
DEBUG - 2026-02-05 17:16:55 --> Session: Class initialized using 'CodeIgniter\Session\Handlers\FileHandler' driver.
DEBUG - 2026-02-05 17:16:55 --> Session: Class initialized using 'CodeIgniter\Session\Handlers\FileHandler' driver.
DEBUG - 2026-02-05 17:17:02 --> Session: Class initialized using 'CodeIgniter\Session\Handlers\FileHandler' driver.
DEBUG - 2026-02-05 17:17:03 --> Session: Class initialized using 'CodeIgniter\Session\Handlers\FileHandler' driver.
DEBUG - 2026-02-05 17:17:08 --> Session: Class initialized using 'CodeIgniter\Session\Handlers\FileHandler' driver.
DEBUG - 2026-02-05 17:17:09 --> Session: Class initialized using 'CodeIgniter\Session\Handlers\FileHandler' driver.
DEBUG - 2026-02-05 17:17:11 --> Session: Class initialized using 'CodeIgniter\Session\Handlers\FileHandler' driver.
DEBUG - 2026-02-05 17:17:23 --> Session: Class initialized using 'CodeIgniter\Session\Handlers\FileHandler' driver.
DEBUG - 2026-02-05 17:17:25 --> Session: Class initialized using 'CodeIgniter\Session\Handlers\FileHandler' driver.
DEBUG - 2026-02-05 17:17:25 --> Session: Class initialized using 'CodeIgniter\Session\Handlers\FileHandler' driver.
DEBUG - 2026-02-05 17:18:23 --> Session: Class initialized using 'CodeIgniter\Session\Handlers\FileHandler' driver.
DEBUG - 2026-02-05 17:18:25 --> Session: Class initialized using 'CodeIgniter\Session\Handlers\FileHandler' driver.
DEBUG - 2026-02-05 17:18:29 --> Session: Class initialized using 'CodeIgniter\Session\Handlers\FileHandler' driver.
DEBUG - 2026-02-05 17:18:34 --> Session: Class initialized using 'CodeIgniter\Session\Handlers\FileHandler' driver.
DEBUG - 2026-02-05 17:18:38 --> Session: Class initialized using 'CodeIgniter\Session\Handlers\FileHandler' driver.
DEBUG - 2026-02-05 17:18:42 --> Session: Class initialized using 'CodeIgniter\Session\Handlers\FileHandler' driver.
DEBUG - 2026-02-05 17:20:21 --> Session: Class initialized using 'CodeIgniter\Session\Handlers\FileHandler' driver.
DEBUG - 2026-02-05 17:20:49 --> Session: Class initialized using 'CodeIgniter\Session\Handlers\FileHandler' driver.
DEBUG - 2026-02-05 17:20:53 --> Session: Class initialized using 'CodeIgniter\Session\Handlers\FileHandler' driver.
DEBUG - 2026-02-05 17:20:55 --> Session: Class initialized using 'CodeIgniter\Session\Handlers\FileHandler' driver.
DEBUG - 2026-02-05 17:21:11 --> Session: Class initialized using 'CodeIgniter\Session\Handlers\FileHandler' driver.
DEBUG - 2026-02-05 17:21:13 --> Session: Class initialized using 'CodeIgniter\Session\Handlers\FileHandler' driver.
DEBUG - 2026-02-05 17:21:54 --> Session: Class initialized using 'CodeIgniter\Session\Handlers\FileHandler' driver.
